title,total clausulae,cretic-trochee (-u--x),cretic-trochee 1 res (uuu--x),cretic-trochee 1 res (-uuu-x),cretic-trochee 1 res (-u-uux),cretic-trochee 1 res total,cretic-trochee 2 res (uuuuu-x),cretic-trochee 2 res (uuu-uux),cretic-trochee 2 res (-uuuuux),cretic-trochee 2 res total,cretic-trochee pure+res total,cretic-trochee chor res (-uu--x),cretic-trochee chor 1 res (uuuu--x),cretic-trochee chor 1 res (-uuuu-x),cretic-trochee chor 1 res (-uu-uux),cretic-trochee chor 1 res total,cretic-trochee chor total,cretic-trochee ep res (-u---x),cretic-trochee ep 1 res (uuu---x),cretic-trochee ep 1 res (-uuu--x),cretic-trochee ep 1 res (-u-uu-x),cretic-trochee ep 1 res (-u--uux),cretic-trochee ep 1 res total,cretic-trochee ep total,cretic-trochee total,double/molossus-cretic pure double-cretic (-u--ux),double/molossus-cretic pure molossus-cretic (----ux),double/molossus-cretic 1 res (uuu--ux),double/molossus-cretic 1 res (-uuu-ux),double/molossus-cretic 1 res (-u-uuux),double/molossus-cretic 1 res total,double/molossus-cretic 2 res (uuuuu-ux),double/molossus-cretic 2 res (uuu-uuux),double/molossus-cretic 2 res (-uuuuuux),double/molossus-cretic 2 res total,double/molossus-cretic pure+res total,double/molossus-cretic molossus not chor 1 res (uu---ux),double/molossus-cretic molossus not chor 1 res (--uu-ux),double/molossus-cretic molossus not chor 1 res (---uuux),double/molossus-cretic molossus not chor 2 res (uu-uu-ux),double/molossus-cretic molossus not chor 2 res (uu--uuux),double/molossus-cretic molossus not chor 2 res (--uuuuux),double/molossus-cretic molossus not chor 1 res total,double/molossus-cretic molossus not chor 2 res total,double/molossus-cretic molossus not chor total,double/molossus-cretic chor res (-uu--ux),double/molossus-cretic chor 1 res (uuuu--ux),double/molossus-cretic chor 1 res (-uuuu-ux),double/molossus-cretic chor 1 res (-uu-uuux),double/molossus-cretic chor 1 res total,double/molossus-cretic chor total,double/molossus-cretic ep res (-u---ux),double/molossus-cretic ep 1 res (uuu---ux),double/molossus-cretic ep 1 res (-uuu--ux),double/molossus-cretic ep 1 res (-u-uu-ux),double/molossus-cretic ep 1 res (-u--uuux),double/molossus-cretic ep 1 res total,double/molossus-cretic ep total,double/molossus-cretic total,cretic/molossus-double-trochee pure cretic-double-trochee (-u--u-x),cretic/molossus-double-trochee pure molossus-double-trochee (----u-x),cretic/molossus-double-trochee 1 res (uuu--u-x),cretic/molossus-double-trochee 1 res (-uuu-u-x),cretic/molossus-double-trochee 1 res (-u-uuu-x),cretic/molossus-double-trochee 1 res (-u--uuux),cretic/molossus-double-trochee 1 res total,cretic/molossus-double-trochee 2 res (uuuuu-u-x),cretic/molossus-double-trochee 2 res (uuu-uuu-x),cretic/molossus-double-trochee 2 res (uuu--uuux),cretic/molossus-double-trochee 2 res (-uuuuuu-x),cretic/molossus-double-trochee 2 res (-uuu-uuux),cretic/molossus-double-trochee 2 res (-u-uuuuux),cretic/molossus-double-trochee 2 res total,cretic/molossus-double-trochee pure+res total,cretic/molossus-double-trochee molossus not chor 1 res (uu---u-x),cretic/molossus-double-trochee molossus not chor 1 res (--uu-u-x),cretic/molossus-double-trochee molossus not chor 1 res (---uuu-x),cretic/molossus-double-trochee molossus not chor 1 res (----uuux),cretic/molossus-double-trochee molossus not chor 2 res (uu-uu-u-x),cretic/molossus-double-trochee molossus not chor 2 res (uu--uuu-x),cretic/molossus-double-trochee molossus not chor 2 res (uu---uuux),cretic/molossus-double-trochee molossus not chor 2 res (--uuuuu-x),cretic/molossus-double-trochee molossus not chor 2 res (--uu-uuux),cretic/molossus-double-trochee molossus not chor 1 res total,cretic/molossus-double-trochee molossus not chor 2 res total,cretic/molossus-double-trochee molossus not chor total,cretic/molossus-double-trochee chor res (-uu--u-x),cretic/molossus-double-trochee chor 1 res (uuuu--u-x),cretic/molossus-double-trochee chor 1 res (-uuuu-u-x),cretic/molossus-double-trochee chor 1 res (-uu-uuu-x),cretic/molossus-double-trochee chor 1 res (-uu--uuux),cretic/molossus-double-trochee chor 1 res total,cretic/molossus-double-trochee chor total,cretic/molossus-double-trochee ep res (-u---u-x),cretic/molossus-double-trochee ep 1 res (uuu---u-x),cretic/molossus-double-trochee ep 1 res (-uuu--u-x),cretic/molossus-double-trochee ep 1 res (-u-uu-u-x),cretic/molossus-double-trochee ep 1 res (-u--uuu-x),cretic/molossus-double-trochee ep 1 res (-u---uuux),cretic/molossus-double-trochee ep 1 res total,cretic/molossus-double-trochee ep total,cretic/molossus-double-trochee total,cretic/molossus-hypodochmiac pure cretic-hypodochmiac (-u--u-ux),cretic/molossus-hypodochmiac pure molossus-hypodochmiac (----u-ux),cretic/molossus-hypodochmiac 1 res (uuu--u-ux),cretic/molossus-hypodochmiac 1 res (-uuuu-u-ux),cretic/molossus-hypodochmiac 1 res (-u-uuuu-ux),cretic/molossus-hypodochmiac 1 res (-u--uuuux),cretic/molossus-hypodochmiac 1 res total,cretic/molossus-hypodochmiac 2 res (uuuuu-u-ux),cretic/molossus-hypodochmiac 2 res (uuu-uuu-ux),cretic/molossus-hypodochmiac 2 res (uuu--uuuux),cretic/molossus-hypodochmiac 2 res (-uuuuuu-ux),cretic/molossus-hypodochmiac 2 res (-uuu-uuuux),cretic/molossus-hypodochmiac 2 res (-u-uuuuuux),cretic/molossus-hypodochmiac 2 res total,cretic/molossus-hypodochmiac pure+res total,cretic/molossus-hypodochmiac molossus not chor 1 res (-uu--u-ux),cretic/molossus-hypodochmiac molossus not chor 1 res (--uu-u-ux),cretic/molossus-hypodochmiac molossus not chor 1 res (---uuu-ux),cretic/molossus-hypodochmiac molossus not chor 1 res (----uuuux),cretic/molossus-hypodochmiac molossus not chor 2 res (uu-uu-u-ux),cretic/molossus-hypodochmiac molossus not chor 2 res (uu--uuu-ux),cretic/molossus-hypodochmiac molossus not chor 2 res (uu---uuuux),cretic/molossus-hypodochmiac molossus not chor 2 res (--uuuuu-ux),cretic/molossus-hypodochmiac molossus not chor 2 res (--uu-uuuux),cretic/molossus-hypodochmiac molossus not chor 2 res (---uuuuuux),cretic/molossus-hypodochmiac molossus not chor 1 res total,cretic/molossus-hypodochmiac molossus not chor 2 res total,cretic/molossus-hypodochmiac molossus not chor total,cretic/molossus-hypodochmiac chor res (-uu--u-ux),cretic/molossus-hypodochmiac chor 1 res (uuuu--u-ux),cretic/molossus-hypodochmiac chor 1 res (-uuuu-u-ux),cretic/molossus-hypodochmiac chor 1 res (-uu-uuu-ux),cretic/molossus-hypodochmiac chor 1 res (-uu--uuuux),cretic/molossus-hypodochmiac chor 1 res total,cretic/molossus-hypodochmiac chor total,cretic/molossus-hypodochmiac ep res (-u---u-ux),cretic/molossus-hypodochmiac ep 1 res (uuu---u-ux),cretic/molossus-hypodochmiac ep 1 res (-uuu--u-ux),cretic/molossus-hypodochmiac ep 1 res (-u-uu-u-ux),cretic/molossus-hypodochmiac ep 1 res (-u--uuu-ux),cretic/molossus-hypodochmiac ep 1 res (-u---uuuux),cretic/molossus-hypodochmiac ep 1 res total,cretic/molossus-hypodochmiac ep total,cretic/molossus-hypodochmiac total,iambic/trochaic (-u--u-u-x),iambic/trochaic (-u--u-u-ux),iambic/trochaic (-u--u-u-u-x),iambic/trochaic (-u--u-u-u-ux),iambic/trochaic total,spondaic/dactylic (----x),spondaic/dactylic heroic (-uu-x),spondaic/dactylic total
pro roscio comoedo,468,54.0,9.0,11.0,11.0,31.0,2.0,4.0,1.0,7.0,92.0,8.0,2.0,4.0,3.0,9.0,17.0,23.0,4.0,6.0,4.0,3.0,17.0,40.0,149.0,18.0,23.0,2.0,1.0,5.0,8.0,0.0,1.0,1.0,2.0,51.0,7.0,7.0,2.0,1.0,1.0,1.0,16.0,3.0,19.0,3.0,1.0,0.0,0.0,3.0,6.0,8.0,2.0,1.0,1.0,0.0,4.0,12.0,88.0,13.0,16.0,2.0,2.0,4.0,0.0,8.0,0.0,0.0,0.0,0.0,1.0,0.0,1.0,38.0,3.0,4.0,2.0,0.0,1.0,0.0,1.0,1.0,0.0,9.0,3.0,12.0,5.0,0.0,0.0,0.0,1.0,1.0,6.0,8.0,1.0,2.0,1.0,3.0,0.0,7.0,15.0,71.0,1.0,0.0,1.0,0.0,0.0,0.0,1.0,0.0,0.0,0.0,0.0,0.0,0.0,0.0,2.0,2.0,1.0,1.0,1.0,0.0,0.0,0.0,0.0,0.0,1.0,5.0,1.0,6.0,2.0,0.0,0.0,0.0,1.0,1.0,3.0,0.0,0.0,1.0,0.0,0.0,0.0,1.0,1.0,12.0,3.0,1.0,1.0,0.0,5.0,54.0,15.0,69.0
lucullus,1138,152.0,28.0,55.0,17.0,100.0,2.0,3.0,4.0,9.0,261.0,7.0,2.0,9.0,5.0,16.0,23.0,23.0,6.0,24.0,4.0,5.0,39.0,62.0,346.0,158.0,85.0,27.0,10.0,4.0,41.0,0.0,0.0,2.0,2.0,286.0,27.0,12.0,6.0,1.0,0.0,1.0,45.0,2.0,47.0,31.0,9.0,1.0,2.0,31.0,62.0,16.0,10.0,17.0,3.0,2.0,32.0,48.0,443.0,39.0,53.0,8.0,5.0,14.0,2.0,29.0,1.0,3.0,0.0,1.0,0.0,3.0,8.0,129.0,15.0,9.0,20.0,5.0,2.0,5.0,1.0,1.0,1.0,49.0,10.0,59.0,15.0,2.0,0.0,5.0,0.0,7.0,22.0,10.0,2.0,5.0,5.0,6.0,0.0,18.0,28.0,238.0,18.0,21.0,3.0,0.0,0.0,1.0,4.0,0.0,1.0,0.0,0.0,0.0,0.0,1.0,44.0,3.0,2.0,5.0,1.0,2.0,0.0,0.0,0.0,0.0,1.0,11.0,3.0,14.0,3.0,1.0,0.0,1.0,0.0,2.0,5.0,10.0,1.0,2.0,3.0,1.0,1.0,8.0,18.0,81.0,4.0,3.0,1.0,0.0,8.0,60.0,27.0,87.0
pro fonteio,225,48.0,7.0,18.0,3.0,28.0,1.0,0.0,0.0,1.0,77.0,3.0,0.0,0.0,1.0,1.0,4.0,5.0,0.0,6.0,1.0,0.0,7.0,12.0,93.0,12.0,15.0,1.0,1.0,0.0,2.0,0.0,0.0,0.0,0.0,29.0,2.0,1.0,1.0,0.0,1.0,0.0,4.0,1.0,5.0,3.0,0.0,1.0,0.0,3.0,6.0,7.0,0.0,1.0,0.0,0.0,1.0,8.0,48.0,10.0,17.0,2.0,1.0,6.0,0.0,9.0,0.0,0.0,0.0,0.0,0.0,0.0,0.0,36.0,0.0,6.0,6.0,1.0,0.0,0.0,0.0,0.0,0.0,13.0,0.0,13.0,8.0,0.0,0.0,2.0,1.0,3.0,11.0,1.0,0.0,2.0,1.0,4.0,0.0,7.0,8.0,68.0,3.0,5.0,0.0,0.0,0.0,0.0,0.0,0.0,0.0,0.0,0.0,0.0,0.0,0.0,8.0,0.0,0.0,0.0,0.0,0.0,0.0,0.0,0.0,0.0,0.0,0.0,0.0,0.0,0.0,0.0,0.0,0.0,0.0,0.0,0.0,0.0,0.0,0.0,1.0,1.0,0.0,2.0,2.0,10.0,0.0,0.0,0.0,0.0,0.0,12.0,3.0,15.0
epistulae ad brutum,649,76.0,18.0,25.0,11.0,54.0,3.0,3.0,3.0,9.0,139.0,8.0,2.0,3.0,4.0,9.0,17.0,18.0,3.0,15.0,9.0,11.0,38.0,56.0,212.0,68.0,50.0,6.0,9.0,2.0,17.0,0.0,1.0,0.0,1.0,136.0,11.0,8.0,3.0,5.0,2.0,2.0,22.0,9.0,31.0,9.0,0.0,1.0,1.0,9.0,18.0,16.0,4.0,5.0,4.0,1.0,14.0,30.0,215.0,25.0,23.0,3.0,2.0,8.0,1.0,14.0,0.0,0.0,1.0,0.0,1.0,1.0,3.0,65.0,5.0,3.0,8.0,2.0,0.0,1.0,0.0,2.0,1.0,18.0,4.0,22.0,11.0,1.0,0.0,5.0,1.0,7.0,18.0,10.0,4.0,2.0,3.0,2.0,0.0,11.0,21.0,126.0,4.0,7.0,0.0,0.0,0.0,2.0,2.0,0.0,0.0,0.0,0.0,0.0,0.0,0.0,13.0,2.0,2.0,2.0,1.0,4.0,2.0,0.0,0.0,0.0,0.0,7.0,6.0,13.0,2.0,0.0,0.0,0.0,0.0,0.0,2.0,5.0,2.0,0.0,3.0,3.0,1.0,9.0,14.0,42.0,0.0,0.0,0.0,1.0,1.0,41.0,35.0,76.0
pro balbo,326,76.0,5.0,23.0,7.0,35.0,2.0,1.0,0.0,3.0,114.0,0.0,4.0,0.0,0.0,4.0,4.0,2.0,2.0,0.0,0.0,1.0,3.0,5.0,123.0,26.0,15.0,2.0,2.0,0.0,4.0,0.0,2.0,0.0,2.0,47.0,2.0,0.0,2.0,0.0,0.0,0.0,4.0,0.0,4.0,1.0,1.0,0.0,0.0,1.0,2.0,3.0,0.0,1.0,0.0,0.0,1.0,4.0,57.0,42.0,23.0,6.0,0.0,6.0,0.0,12.0,0.0,0.0,0.0,0.0,2.0,0.0,2.0,79.0,7.0,6.0,10.0,2.0,0.0,0.0,0.0,1.0,0.0,25.0,1.0,26.0,16.0,2.0,2.0,2.0,0.0,6.0,22.0,10.0,1.0,4.0,0.0,4.0,0.0,9.0,19.0,146.0,0.0,2.0,1.0,0.0,0.0,0.0,1.0,0.0,0.0,0.0,0.0,0.0,0.0,0.0,3.0,0.0,0.0,0.0,0.0,0.0,0.0,0.0,0.0,0.0,0.0,0.0,0.0,0.0,0.0,0.0,0.0,0.0,0.0,0.0,0.0,0.0,0.0,1.0,0.0,1.0,1.0,3.0,3.0,6.0,1.0,0.0,0.0,0.0,1.0,13.0,2.0,15.0
orator,1199,149.0,34.0,53.0,19.0,106.0,10.0,1.0,1.0,12.0,267.0,9.0,2.0,3.0,3.0,8.0,17.0,18.0,3.0,32.0,4.0,4.0,43.0,61.0,345.0,221.0,96.0,29.0,16.0,3.0,48.0,0.0,0.0,1.0,1.0,366.0,28.0,17.0,2.0,5.0,3.0,1.0,47.0,9.0,56.0,25.0,6.0,0.0,0.0,25.0,50.0,17.0,8.0,22.0,1.0,1.0,32.0,49.0,521.0,66.0,45.0,6.0,1.0,16.0,1.0,24.0,1.0,0.0,1.0,0.0,0.0,0.0,2.0,137.0,12.0,9.0,19.0,0.0,2.0,6.0,0.0,3.0,0.0,40.0,11.0,51.0,20.0,1.0,0.0,5.0,1.0,7.0,27.0,12.0,5.0,5.0,2.0,7.0,1.0,20.0,32.0,247.0,16.0,32.0,3.0,2.0,0.0,0.0,5.0,0.0,2.0,0.0,0.0,1.0,0.0,3.0,56.0,3.0,4.0,4.0,3.0,0.0,1.0,0.0,0.0,0.0,1.0,14.0,2.0,16.0,3.0,1.0,2.0,0.0,0.0,3.0,6.0,7.0,3.0,2.0,2.0,2.0,0.0,9.0,16.0,94.0,3.0,2.0,2.0,3.0,10.0,52.0,28.0,80.0
de fato,336,47.0,6.0,13.0,3.0,22.0,3.0,1.0,1.0,5.0,74.0,8.0,0.0,0.0,0.0,0.0,8.0,4.0,1.0,6.0,2.0,1.0,10.0,14.0,96.0,42.0,25.0,7.0,2.0,2.0,11.0,0.0,0.0,0.0,0.0,78.0,6.0,7.0,2.0,0.0,0.0,1.0,15.0,1.0,16.0,9.0,1.0,0.0,0.0,9.0,18.0,1.0,2.0,6.0,0.0,0.0,8.0,9.0,121.0,9.0,18.0,6.0,1.0,2.0,0.0,9.0,0.0,1.0,0.0,0.0,0.0,0.0,1.0,37.0,5.0,2.0,4.0,1.0,0.0,1.0,0.0,1.0,0.0,12.0,2.0,14.0,8.0,3.0,0.0,2.0,0.0,5.0,13.0,5.0,1.0,3.0,1.0,3.0,1.0,9.0,14.0,78.0,2.0,10.0,0.0,0.0,0.0,1.0,1.0,0.0,0.0,0.0,0.0,0.0,0.0,0.0,13.0,2.0,1.0,0.0,0.0,0.0,0.0,0.0,0.0,0.0,0.0,3.0,0.0,3.0,2.0,0.0,0.0,1.0,0.0,1.0,3.0,1.0,0.0,0.0,0.0,0.0,0.0,0.0,1.0,20.0,1.0,1.0,0.0,0.0,2.0,20.0,9.0,29.0
de partitione oratoria,599,104.0,18.0,30.0,10.0,58.0,2.0,2.0,5.0,9.0,171.0,8.0,2.0,1.0,0.0,3.0,11.0,12.0,5.0,16.0,1.0,1.0,23.0,35.0,217.0,55.0,40.0,8.0,5.0,0.0,13.0,0.0,0.0,0.0,0.0,108.0,9.0,7.0,3.0,0.0,1.0,3.0,19.0,4.0,23.0,13.0,4.0,0.0,0.0,13.0,26.0,7.0,1.0,3.0,1.0,0.0,5.0,12.0,169.0,34.0,33.0,4.0,1.0,11.0,0.0,16.0,0.0,2.0,1.0,0.0,0.0,1.0,4.0,87.0,14.0,9.0,9.0,2.0,2.0,2.0,0.0,0.0,0.0,34.0,4.0,38.0,14.0,0.0,1.0,3.0,0.0,4.0,18.0,13.0,3.0,4.0,2.0,3.0,1.0,13.0,26.0,169.0,4.0,12.0,2.0,1.0,0.0,0.0,3.0,0.0,0.0,0.0,0.0,1.0,0.0,1.0,20.0,2.0,1.0,2.0,0.0,0.0,2.0,0.0,0.0,0.0,0.0,5.0,2.0,7.0,2.0,0.0,1.0,0.0,0.0,1.0,3.0,4.0,0.0,2.0,2.0,0.0,0.0,4.0,8.0,38.0,0.0,1.0,1.0,0.0,2.0,26.0,17.0,43.0
laelius de amicitia,560,95.0,13.0,43.0,13.0,69.0,1.0,3.0,2.0,6.0,170.0,4.0,3.0,1.0,1.0,5.0,9.0,8.0,2.0,10.0,2.0,0.0,14.0,22.0,201.0,87.0,31.0,11.0,5.0,1.0,17.0,1.0,0.0,0.0,1.0,136.0,6.0,6.0,3.0,1.0,0.0,2.0,15.0,3.0,18.0,11.0,2.0,0.0,0.0,11.0,22.0,5.0,0.0,9.0,1.0,1.0,11.0,16.0,192.0,35.0,24.0,8.0,0.0,13.0,1.0,22.0,0.0,1.0,0.0,0.0,0.0,0.0,1.0,82.0,5.0,6.0,17.0,2.0,1.0,3.0,0.0,1.0,0.0,30.0,5.0,35.0,7.0,5.0,0.0,4.0,0.0,9.0,16.0,6.0,1.0,3.0,5.0,5.0,0.0,14.0,20.0,153.0,6.0,3.0,0.0,0.0,0.0,0.0,0.0,0.0,0.0,0.0,0.0,0.0,0.0,0.0,9.0,3.0,2.0,1.0,0.0,2.0,1.0,0.0,1.0,0.0,0.0,6.0,4.0,10.0,3.0,0.0,0.0,0.0,0.0,0.0,3.0,1.0,1.0,0.0,0.0,0.0,0.0,1.0,2.0,24.0,0.0,0.0,0.0,0.0,0.0,28.0,7.0,35.0
pro rabirio postumo,288,36.0,9.0,9.0,4.0,22.0,0.0,1.0,3.0,4.0,62.0,4.0,0.0,0.0,0.0,0.0,4.0,3.0,1.0,7.0,2.0,1.0,11.0,14.0,80.0,31.0,23.0,2.0,0.0,1.0,3.0,0.0,0.0,0.0,0.0,57.0,6.0,4.0,2.0,1.0,0.0,1.0,12.0,2.0,14.0,9.0,0.0,0.0,0.0,9.0,18.0,6.0,1.0,2.0,0.0,0.0,3.0,9.0,98.0,11.0,19.0,2.0,0.0,3.0,0.0,5.0,0.0,0.0,0.0,0.0,0.0,2.0,2.0,37.0,6.0,3.0,5.0,1.0,2.0,1.0,0.0,0.0,0.0,15.0,3.0,18.0,1.0,2.0,1.0,0.0,0.0,3.0,4.0,2.0,1.0,0.0,4.0,0.0,0.0,5.0,7.0,66.0,3.0,2.0,0.0,0.0,0.0,0.0,0.0,0.0,0.0,0.0,0.0,0.0,0.0,0.0,5.0,1.0,1.0,0.0,1.0,0.0,0.0,0.0,0.0,0.0,0.0,3.0,0.0,3.0,1.0,0.0,0.0,0.0,0.0,0.0,1.0,1.0,0.0,0.0,1.0,0.0,0.0,1.0,2.0,11.0,0.0,0.0,0.0,0.0,0.0,25.0,7.0,32.0
de legibus,1131,118.0,10.0,58.0,14.0,82.0,7.0,3.0,1.0,11.0,211.0,9.0,2.0,3.0,2.0,7.0,16.0,21.0,6.0,8.0,3.0,5.0,22.0,43.0,270.0,192.0,107.0,23.0,11.0,3.0,37.0,2.0,2.0,0.0,4.0,340.0,33.0,12.0,9.0,3.0,3.0,1.0,54.0,7.0,61.0,25.0,6.0,1.0,1.0,25.0,50.0,20.0,11.0,16.0,1.0,2.0,30.0,50.0,501.0,53.0,54.0,12.0,3.0,14.0,2.0,31.0,1.0,1.0,0.0,0.0,1.0,0.0,3.0,141.0,11.0,15.0,24.0,5.0,0.0,4.0,1.0,6.0,1.0,55.0,12.0,67.0,23.0,1.0,0.0,5.0,3.0,9.0,32.0,15.0,6.0,10.0,8.0,6.0,1.0,31.0,46.0,286.0,17.0,27.0,0.0,0.0,1.0,1.0,2.0,0.0,0.0,0.0,0.0,0.0,0.0,0.0,46.0,4.0,2.0,3.0,0.0,0.0,4.0,0.0,0.0,0.0,0.0,9.0,4.0,13.0,4.0,0.0,0.0,0.0,0.0,0.0,4.0,6.0,1.0,0.0,1.0,2.0,0.0,4.0,10.0,73.0,2.0,1.0,0.0,0.0,3.0,48.0,24.0,72.0
topica,572,54.0,12.0,18.0,12.0,42.0,3.0,1.0,5.0,9.0,105.0,7.0,3.0,4.0,1.0,8.0,15.0,16.0,2.0,7.0,6.0,4.0,19.0,35.0,155.0,80.0,44.0,6.0,5.0,2.0,13.0,1.0,0.0,0.0,1.0,138.0,8.0,6.0,5.0,3.0,1.0,2.0,19.0,6.0,25.0,14.0,2.0,3.0,0.0,14.0,28.0,13.0,0.0,4.0,3.0,0.0,7.0,20.0,211.0,26.0,25.0,3.0,0.0,5.0,0.0,8.0,0.0,1.0,1.0,0.0,0.0,1.0,3.0,62.0,9.0,7.0,5.0,4.0,1.0,1.0,0.0,2.0,0.0,25.0,4.0,29.0,8.0,1.0,0.0,1.0,0.0,2.0,10.0,7.0,2.0,2.0,2.0,1.0,0.0,7.0,14.0,115.0,4.0,15.0,1.0,0.0,1.0,0.0,2.0,0.0,1.0,0.0,0.0,0.0,0.0,1.0,22.0,0.0,1.0,2.0,1.0,0.0,0.0,0.0,0.0,0.0,0.0,4.0,0.0,4.0,0.0,0.0,0.0,0.0,0.0,0.0,0.0,1.0,0.0,1.0,0.0,0.0,1.0,2.0,3.0,29.0,1.0,1.0,0.0,0.0,2.0,37.0,15.0,52.0
cato maior de senectute,527,100.0,14.0,24.0,9.0,47.0,1.0,0.0,0.0,1.0,148.0,6.0,2.0,2.0,0.0,4.0,10.0,7.0,3.0,12.0,4.0,1.0,20.0,27.0,185.0,94.0,34.0,14.0,3.0,1.0,18.0,0.0,1.0,0.0,1.0,147.0,11.0,5.0,1.0,1.0,0.0,0.0,17.0,1.0,18.0,14.0,6.0,2.0,2.0,14.0,28.0,5.0,3.0,8.0,1.0,2.0,14.0,19.0,212.0,27.0,24.0,5.0,1.0,6.0,2.0,14.0,0.0,1.0,0.0,0.0,1.0,0.0,2.0,67.0,3.0,6.0,12.0,1.0,0.0,2.0,0.0,1.0,2.0,22.0,5.0,27.0,5.0,0.0,0.0,0.0,0.0,0.0,5.0,3.0,1.0,5.0,1.0,3.0,0.0,10.0,13.0,112.0,7.0,8.0,1.0,0.0,0.0,0.0,1.0,0.0,0.0,0.0,0.0,0.0,0.0,0.0,16.0,2.0,1.0,1.0,1.0,0.0,0.0,0.0,0.0,0.0,0.0,5.0,0.0,5.0,2.0,1.0,0.0,0.0,0.0,1.0,3.0,1.0,1.0,0.0,1.0,1.0,0.0,3.0,4.0,28.0,0.0,0.0,0.0,0.0,0.0,13.0,16.0,29.0
in caecilium,323,66.0,7.0,15.0,10.0,32.0,1.0,0.0,0.0,1.0,99.0,4.0,1.0,0.0,0.0,1.0,5.0,9.0,3.0,6.0,0.0,3.0,12.0,21.0,125.0,29.0,30.0,3.0,1.0,0.0,4.0,0.0,0.0,0.0,0.0,63.0,8.0,3.0,2.0,1.0,0.0,0.0,13.0,1.0,14.0,3.0,0.0,0.0,0.0,3.0,6.0,4.0,1.0,3.0,0.0,1.0,5.0,9.0,92.0,13.0,24.0,0.0,0.0,7.0,1.0,8.0,0.0,1.0,0.0,0.0,0.0,0.0,1.0,46.0,6.0,4.0,5.0,0.0,2.0,1.0,1.0,1.0,0.0,15.0,5.0,20.0,7.0,0.0,0.0,0.0,0.0,0.0,7.0,7.0,0.0,0.0,2.0,1.0,1.0,4.0,11.0,84.0,2.0,4.0,0.0,0.0,0.0,0.0,0.0,0.0,0.0,0.0,0.0,0.0,0.0,0.0,6.0,1.0,0.0,0.0,1.0,0.0,0.0,0.0,0.0,0.0,0.0,2.0,0.0,2.0,1.0,0.0,0.0,0.0,0.0,0.0,1.0,1.0,1.0,0.0,0.0,1.0,0.0,2.0,3.0,12.0,1.0,1.0,1.0,0.0,3.0,11.0,8.0,19.0
in vatinium,194,39.0,1.0,18.0,4.0,23.0,3.0,1.0,0.0,4.0,66.0,1.0,0.0,0.0,0.0,0.0,1.0,7.0,0.0,1.0,0.0,0.0,1.0,8.0,75.0,18.0,16.0,1.0,1.0,0.0,2.0,0.0,0.0,1.0,1.0,37.0,3.0,2.0,0.0,0.0,0.0,0.0,5.0,0.0,5.0,2.0,1.0,0.0,0.0,2.0,4.0,3.0,1.0,0.0,0.0,0.0,1.0,4.0,50.0,11.0,16.0,2.0,0.0,7.0,0.0,9.0,0.0,0.0,0.0,0.0,0.0,0.0,0.0,36.0,3.0,7.0,9.0,0.0,0.0,0.0,0.0,0.0,0.0,19.0,0.0,19.0,4.0,0.0,0.0,1.0,0.0,1.0,5.0,1.0,0.0,2.0,2.0,1.0,0.0,5.0,6.0,66.0,1.0,4.0,0.0,0.0,0.0,0.0,0.0,0.0,0.0,0.0,0.0,0.0,0.0,0.0,5.0,1.0,0.0,0.0,0.0,0.0,0.0,0.0,0.0,0.0,1.0,1.0,1.0,2.0,1.0,0.0,0.0,0.0,0.0,0.0,1.0,0.0,0.0,0.0,0.0,0.0,0.0,0.0,0.0,8.0,1.0,0.0,0.0,0.0,1.0,11.0,0.0,11.0
epistulae ad atticum,10943,1037.0,212.0,326.0,231.0,769.0,48.0,48.0,48.0,144.0,1950.0,232.0,58.0,54.0,61.0,173.0,405.0,365.0,101.0,142.0,86.0,132.0,461.0,826.0,3181.0,913.0,797.0,155.0,65.0,41.0,261.0,11.0,10.0,13.0,34.0,2005.0,194.0,107.0,92.0,40.0,25.0,27.0,393.0,92.0,485.0,197.0,48.0,19.0,23.0,197.0,394.0,199.0,56.0,100.0,25.0,34.0,215.0,414.0,3298.0,354.0,482.0,78.0,33.0,92.0,34.0,237.0,11.0,13.0,9.0,8.0,4.0,8.0,53.0,1126.0,119.0,106.0,117.0,46.0,24.0,24.0,9.0,22.0,11.0,388.0,90.0,478.0,162.0,19.0,12.0,31.0,15.0,77.0,239.0,136.0,37.0,55.0,28.0,25.0,30.0,175.0,311.0,2154.0,95.0,126.0,18.0,2.0,3.0,7.0,30.0,4.0,3.0,1.0,2.0,3.0,1.0,14.0,265.0,40.0,30.0,11.0,13.0,5.0,7.0,4.0,6.0,5.0,3.0,94.0,30.0,124.0,40.0,10.0,2.0,6.0,6.0,24.0,64.0,59.0,15.0,7.0,10.0,11.0,5.0,48.0,107.0,560.0,30.0,13.0,5.0,3.0,51.0,852.0,337.0,1189.0
de natura deorum,2135,317.0,51.0,134.0,24.0,209.0,14.0,9.0,6.0,29.0,555.0,22.0,11.0,9.0,13.0,33.0,55.0,24.0,6.0,38.0,8.0,10.0,62.0,86.0,696.0,288.0,123.0,34.0,20.0,4.0,58.0,2.0,1.0,0.0,3.0,472.0,32.0,22.0,16.0,4.0,2.0,3.0,70.0,9.0,79.0,41.0,7.0,1.0,2.0,41.0,82.0,25.0,13.0,27.0,1.0,4.0,45.0,70.0,703.0,106.0,128.0,26.0,6.0,43.0,4.0,79.0,2.0,5.0,2.0,2.0,1.0,0.0,12.0,325.0,20.0,21.0,50.0,7.0,10.0,11.0,4.0,7.0,2.0,98.0,34.0,132.0,50.0,5.0,2.0,12.0,0.0,19.0,69.0,33.0,4.0,21.0,6.0,11.0,5.0,47.0,80.0,606.0,21.0,39.0,3.0,1.0,0.0,0.0,4.0,0.0,0.0,0.0,1.0,0.0,0.0,1.0,65.0,10.0,11.0,10.0,0.0,3.0,3.0,0.0,0.0,0.0,0.0,31.0,6.0,37.0,10.0,3.0,1.0,2.0,0.0,6.0,16.0,12.0,3.0,0.0,3.0,2.0,1.0,9.0,21.0,139.0,4.0,2.0,0.0,1.0,7.0,102.0,92.0,194.0
pro marcello,148,21.0,4.0,8.0,1.0,13.0,1.0,0.0,0.0,1.0,35.0,2.0,0.0,0.0,0.0,0.0,2.0,3.0,0.0,4.0,0.0,0.0,4.0,7.0,44.0,28.0,7.0,8.0,1.0,0.0,9.0,0.0,0.0,0.0,0.0,44.0,4.0,0.0,1.0,0.0,0.0,0.0,5.0,0.0,5.0,1.0,1.0,0.0,0.0,1.0,2.0,0.0,1.0,7.0,1.0,0.0,9.0,9.0,60.0,13.0,8.0,1.0,0.0,2.0,0.0,3.0,0.0,0.0,0.0,0.0,0.0,0.0,0.0,24.0,1.0,2.0,3.0,0.0,0.0,1.0,0.0,0.0,0.0,6.0,1.0,7.0,5.0,1.0,0.0,1.0,0.0,2.0,7.0,2.0,1.0,0.0,1.0,1.0,1.0,4.0,6.0,44.0,6.0,5.0,0.0,0.0,0.0,0.0,0.0,0.0,0.0,0.0,0.0,0.0,0.0,0.0,11.0,0.0,0.0,1.0,0.0,0.0,0.0,0.0,0.0,0.0,0.0,1.0,0.0,1.0,0.0,0.0,0.0,0.0,0.0,0.0,0.0,2.0,0.0,0.0,0.0,0.0,0.0,0.0,2.0,14.0,0.0,0.0,0.0,1.0,1.0,5.0,0.0,5.0
de finibus,2713,327.0,49.0,141.0,27.0,217.0,14.0,8.0,5.0,27.0,571.0,25.0,7.0,9.0,11.0,27.0,52.0,45.0,19.0,40.0,16.0,15.0,90.0,135.0,758.0,378.0,228.0,44.0,23.0,10.0,77.0,5.0,2.0,1.0,8.0,691.0,54.0,19.0,12.0,7.0,2.0,1.0,85.0,10.0,95.0,61.0,5.0,3.0,7.0,61.0,122.0,42.0,18.0,38.0,4.0,6.0,66.0,108.0,1016.0,124.0,156.0,32.0,7.0,35.0,6.0,80.0,1.0,5.0,0.0,1.0,1.0,2.0,10.0,370.0,43.0,34.0,58.0,6.0,8.0,11.0,4.0,8.0,5.0,141.0,36.0,177.0,51.0,8.0,2.0,13.0,2.0,25.0,76.0,31.0,15.0,21.0,7.0,16.0,1.0,60.0,91.0,714.0,37.0,43.0,6.0,2.0,1.0,2.0,11.0,2.0,1.0,0.0,1.0,0.0,0.0,4.0,95.0,5.0,11.0,7.0,3.0,4.0,2.0,0.0,2.0,0.0,0.0,26.0,8.0,34.0,5.0,5.0,2.0,2.0,0.0,9.0,14.0,10.0,4.0,1.0,3.0,5.0,2.0,15.0,25.0,168.0,6.0,4.0,1.0,0.0,11.0,112.0,60.0,172.0
pro cluentio,1215,247.0,23.0,64.0,23.0,110.0,7.0,3.0,2.0,12.0,369.0,11.0,2.0,2.0,2.0,6.0,17.0,21.0,7.0,20.0,8.0,3.0,38.0,59.0,445.0,69.0,80.0,18.0,9.0,7.0,34.0,0.0,1.0,0.0,1.0,184.0,14.0,6.0,16.0,3.0,1.0,0.0,36.0,4.0,40.0,20.0,3.0,3.0,1.0,20.0,40.0,20.0,4.0,14.0,2.0,3.0,23.0,43.0,307.0,83.0,70.0,12.0,3.0,12.0,3.0,30.0,2.0,3.0,0.0,2.0,1.0,1.0,9.0,192.0,11.0,20.0,26.0,11.0,2.0,5.0,1.0,3.0,0.0,68.0,11.0,79.0,25.0,4.0,2.0,8.0,1.0,15.0,40.0,23.0,2.0,8.0,6.0,10.0,4.0,30.0,53.0,364.0,8.0,12.0,2.0,1.0,0.0,0.0,3.0,0.0,2.0,0.0,0.0,0.0,0.0,2.0,25.0,6.0,4.0,4.0,2.0,1.0,0.0,0.0,0.0,0.0,0.0,16.0,1.0,17.0,6.0,1.0,1.0,0.0,0.0,2.0,8.0,8.0,1.0,1.0,1.0,0.0,0.0,3.0,11.0,61.0,2.0,1.0,1.0,0.0,4.0,89.0,23.0,112.0
post reditum ad populum,106,25.0,1.0,11.0,1.0,13.0,1.0,0.0,0.0,1.0,39.0,2.0,0.0,1.0,0.0,1.0,3.0,1.0,0.0,1.0,0.0,0.0,1.0,2.0,44.0,5.0,1.0,2.0,1.0,0.0,3.0,0.0,0.0,0.0,0.0,9.0,0.0,1.0,0.0,0.0,0.0,0.0,1.0,0.0,1.0,0.0,0.0,0.0,0.0,0.0,0.0,3.0,0.0,2.0,0.0,1.0,3.0,6.0,16.0,8.0,11.0,1.0,0.0,4.0,1.0,6.0,0.0,1.0,0.0,0.0,0.0,0.0,1.0,26.0,3.0,3.0,4.0,0.0,0.0,0.0,0.0,0.0,0.0,10.0,0.0,10.0,4.0,0.0,0.0,1.0,0.0,1.0,5.0,3.0,2.0,1.0,0.0,1.0,0.0,4.0,7.0,48.0,2.0,0.0,0.0,0.0,0.0,0.0,0.0,0.0,0.0,0.0,0.0,0.0,0.0,0.0,2.0,0.0,1.0,1.0,0.0,0.0,0.0,0.0,0.0,0.0,0.0,2.0,0.0,2.0,0.0,0.0,0.0,0.0,0.0,0.0,0.0,0.0,0.0,0.0,0.0,0.0,0.0,0.0,0.0,4.0,0.0,0.0,0.0,0.0,0.0,5.0,3.0,8.0
pro milone,616,97.0,5.0,31.0,10.0,46.0,8.0,2.0,1.0,11.0,154.0,6.0,0.0,1.0,2.0,3.0,9.0,9.0,3.0,5.0,3.0,1.0,12.0,21.0,184.0,70.0,46.0,5.0,4.0,0.0,9.0,1.0,0.0,0.0,1.0,126.0,13.0,8.0,3.0,1.0,1.0,1.0,24.0,3.0,27.0,14.0,2.0,0.0,0.0,14.0,28.0,5.0,4.0,3.0,2.0,0.0,9.0,14.0,195.0,43.0,48.0,5.0,1.0,9.0,0.0,15.0,0.0,1.0,0.0,0.0,0.0,0.0,1.0,107.0,13.0,6.0,10.0,3.0,0.0,1.0,0.0,5.0,0.0,32.0,6.0,38.0,18.0,1.0,0.0,5.0,1.0,7.0,25.0,5.0,5.0,4.0,2.0,5.0,0.0,16.0,21.0,191.0,5.0,5.0,0.0,0.0,0.0,0.0,0.0,1.0,0.0,0.0,0.0,0.0,0.0,1.0,11.0,0.0,1.0,3.0,1.0,0.0,0.0,0.0,0.0,0.0,0.0,5.0,0.0,5.0,0.0,0.0,0.0,0.0,0.0,0.0,0.0,4.0,0.0,0.0,1.0,1.0,0.0,2.0,6.0,22.0,0.0,0.0,0.0,0.0,0.0,34.0,15.0,49.0
arati prognotica,12,0.0,0.0,0.0,0.0,0.0,0.0,0.0,0.0,0.0,0.0,0.0,0.0,0.0,0.0,0.0,0.0,0.0,0.0,0.0,1.0,0.0,1.0,1.0,1.0,0.0,0.0,0.0,0.0,0.0,0.0,0.0,0.0,0.0,0.0,0.0,0.0,0.0,0.0,0.0,0.0,0.0,0.0,0.0,0.0,0.0,0.0,0.0,0.0,0.0,0.0,0.0,0.0,0.0,0.0,0.0,0.0,0.0,0.0,0.0,0.0,0.0,0.0,0.0,0.0,0.0,0.0,0.0,0.0,0.0,0.0,0.0,0.0,0.0,0.0,0.0,0.0,0.0,0.0,0.0,0.0,0.0,0.0,0.0,0.0,0.0,0.0,0.0,0.0,0.0,0.0,0.0,0.0,0.0,0.0,0.0,0.0,0.0,0.0,0.0,0.0,0.0,0.0,0.0,0.0,0.0,0.0,0.0,0.0,0.0,0.0,0.0,0.0,0.0,0.0,0.0,0.0,0.0,0.0,0.0,0.0,0.0,0.0,0.0,0.0,0.0,0.0,0.0,0.0,0.0,0.0,0.0,0.0,0.0,0.0,0.0,0.0,0.0,0.0,0.0,0.0,0.0,0.0,0.0,0.0,0.0,0.0,0.0,0.0,0.0,0.0,0.0,9.0,9.0
epistula ad ocatianum,66,13.0,1.0,4.0,3.0,8.0,0.0,0.0,0.0,0.0,21.0,0.0,0.0,0.0,0.0,0.0,0.0,1.0,0.0,1.0,0.0,0.0,1.0,2.0,23.0,4.0,4.0,0.0,0.0,0.0,0.0,0.0,0.0,0.0,0.0,8.0,0.0,0.0,1.0,0.0,0.0,0.0,1.0,0.0,1.0,1.0,0.0,0.0,0.0,1.0,2.0,1.0,0.0,0.0,1.0,0.0,1.0,2.0,13.0,3.0,6.0,2.0,1.0,1.0,0.0,4.0,0.0,1.0,0.0,0.0,0.0,0.0,1.0,14.0,1.0,2.0,1.0,0.0,0.0,0.0,0.0,0.0,0.0,4.0,0.0,4.0,1.0,0.0,0.0,0.0,0.0,0.0,1.0,1.0,1.0,2.0,0.0,1.0,1.0,5.0,6.0,25.0,0.0,1.0,0.0,0.0,0.0,0.0,0.0,0.0,0.0,0.0,0.0,0.0,0.0,0.0,1.0,0.0,0.0,0.0,0.0,0.0,0.0,0.0,0.0,0.0,0.0,0.0,0.0,0.0,0.0,0.0,0.0,0.0,0.0,0.0,0.0,0.0,0.0,0.0,0.0,0.0,0.0,0.0,0.0,1.0,0.0,0.0,0.0,0.0,0.0,4.0,0.0,4.0
post reditum in senatu,175,37.0,9.0,14.0,4.0,27.0,2.0,1.0,0.0,3.0,67.0,2.0,2.0,0.0,0.0,2.0,4.0,4.0,3.0,7.0,0.0,0.0,10.0,14.0,85.0,13.0,4.0,1.0,1.0,0.0,2.0,0.0,0.0,0.0,0.0,19.0,1.0,0.0,1.0,0.0,0.0,0.0,2.0,0.0,2.0,1.0,0.0,0.0,0.0,1.0,2.0,0.0,1.0,1.0,1.0,1.0,4.0,4.0,27.0,22.0,15.0,3.0,1.0,3.0,1.0,8.0,0.0,0.0,0.0,0.0,0.0,0.0,0.0,45.0,4.0,2.0,8.0,1.0,0.0,1.0,0.0,2.0,0.0,15.0,3.0,18.0,2.0,0.0,0.0,0.0,0.0,0.0,2.0,1.0,4.0,3.0,1.0,2.0,0.0,10.0,11.0,76.0,0.0,2.0,0.0,0.0,0.0,0.0,0.0,0.0,0.0,0.0,0.0,0.0,0.0,0.0,2.0,0.0,0.0,0.0,0.0,0.0,0.0,0.0,0.0,0.0,0.0,0.0,0.0,0.0,0.0,0.0,0.0,1.0,0.0,1.0,1.0,0.0,0.0,0.0,0.0,0.0,0.0,0.0,0.0,3.0,1.0,0.0,1.0,0.0,2.0,12.0,2.0,14.0
paradoxa stoicorum,293,36.0,5.0,9.0,8.0,22.0,0.0,0.0,0.0,0.0,58.0,3.0,3.0,2.0,0.0,5.0,8.0,4.0,1.0,2.0,2.0,1.0,6.0,10.0,76.0,46.0,22.0,2.0,4.0,1.0,7.0,0.0,0.0,0.0,0.0,75.0,6.0,1.0,2.0,1.0,2.0,0.0,9.0,3.0,12.0,3.0,1.0,1.0,0.0,3.0,6.0,3.0,1.0,1.0,0.0,0.0,2.0,5.0,98.0,15.0,16.0,4.0,0.0,4.0,0.0,8.0,0.0,0.0,0.0,0.0,0.0,0.0,0.0,39.0,2.0,4.0,2.0,1.0,0.0,1.0,0.0,0.0,0.0,9.0,1.0,10.0,2.0,1.0,0.0,1.0,2.0,4.0,6.0,2.0,0.0,3.0,0.0,1.0,0.0,4.0,6.0,61.0,3.0,6.0,2.0,0.0,0.0,0.0,2.0,1.0,0.0,0.0,0.0,0.0,0.0,1.0,12.0,2.0,1.0,3.0,0.0,0.0,1.0,0.0,0.0,0.0,0.0,6.0,1.0,7.0,2.0,1.0,0.0,0.0,0.0,1.0,3.0,4.0,0.0,1.0,1.0,0.0,0.0,2.0,6.0,28.0,0.0,1.0,0.0,0.0,1.0,11.0,6.0,17.0
de haruspicum responso,413,82.0,8.0,37.0,9.0,54.0,7.0,0.0,1.0,8.0,144.0,2.0,0.0,2.0,0.0,2.0,4.0,9.0,1.0,8.0,2.0,1.0,12.0,21.0,169.0,26.0,26.0,4.0,2.0,1.0,7.0,0.0,0.0,0.0,0.0,59.0,4.0,4.0,3.0,0.0,1.0,0.0,11.0,1.0,12.0,6.0,2.0,0.0,0.0,6.0,12.0,2.0,1.0,2.0,0.0,1.0,4.0,6.0,89.0,36.0,23.0,5.0,0.0,10.0,1.0,16.0,0.0,0.0,1.0,0.0,0.0,0.0,1.0,76.0,3.0,10.0,12.0,1.0,1.0,5.0,1.0,6.0,0.0,26.0,13.0,39.0,10.0,1.0,1.0,5.0,0.0,7.0,17.0,10.0,0.0,4.0,1.0,5.0,1.0,11.0,21.0,153.0,2.0,0.0,0.0,0.0,0.0,0.0,0.0,0.0,0.0,0.0,0.0,0.0,0.0,0.0,2.0,1.0,0.0,1.0,1.0,0.0,0.0,0.0,0.0,0.0,0.0,3.0,0.0,3.0,1.0,0.0,0.0,0.0,0.0,0.0,1.0,2.0,1.0,0.0,1.0,1.0,0.0,3.0,5.0,11.0,1.0,1.0,0.0,0.0,2.0,25.0,11.0,36.0
arati phaenomena,250,6.0,0.0,3.0,0.0,3.0,0.0,0.0,0.0,0.0,9.0,3.0,0.0,0.0,5.0,5.0,8.0,1.0,0.0,0.0,2.0,0.0,2.0,3.0,20.0,0.0,3.0,0.0,1.0,0.0,1.0,0.0,0.0,0.0,0.0,4.0,7.0,1.0,4.0,0.0,1.0,0.0,12.0,1.0,13.0,0.0,0.0,0.0,0.0,0.0,0.0,0.0,0.0,0.0,0.0,0.0,0.0,0.0,17.0,0.0,3.0,0.0,0.0,0.0,0.0,0.0,0.0,0.0,1.0,0.0,0.0,0.0,1.0,4.0,0.0,0.0,2.0,3.0,1.0,0.0,1.0,0.0,0.0,5.0,2.0,7.0,1.0,0.0,0.0,1.0,0.0,1.0,2.0,0.0,0.0,0.0,0.0,0.0,0.0,0.0,0.0,13.0,0.0,0.0,0.0,0.0,0.0,0.0,0.0,0.0,0.0,0.0,0.0,0.0,0.0,0.0,0.0,0.0,0.0,0.0,0.0,0.0,0.0,0.0,0.0,0.0,0.0,0.0,0.0,0.0,0.0,0.0,0.0,0.0,0.0,0.0,0.0,0.0,0.0,0.0,0.0,0.0,0.0,0.0,0.0,0.0,0.0,0.0,0.0,0.0,0.0,2.0,194.0,196.0
in sallustinum,113,16.0,6.0,3.0,5.0,14.0,0.0,0.0,1.0,1.0,31.0,2.0,0.0,0.0,0.0,0.0,2.0,6.0,2.0,6.0,0.0,0.0,8.0,14.0,47.0,4.0,1.0,2.0,3.0,1.0,6.0,0.0,0.0,0.0,0.0,11.0,0.0,0.0,1.0,0.0,1.0,0.0,1.0,1.0,2.0,2.0,2.0,0.0,0.0,2.0,4.0,1.0,0.0,0.0,2.0,2.0,4.0,5.0,22.0,3.0,2.0,0.0,3.0,1.0,2.0,6.0,0.0,0.0,0.0,0.0,0.0,1.0,1.0,12.0,0.0,5.0,1.0,1.0,0.0,1.0,0.0,0.0,0.0,7.0,1.0,8.0,4.0,0.0,0.0,0.0,1.0,1.0,5.0,1.0,0.0,0.0,0.0,0.0,0.0,0.0,1.0,26.0,2.0,0.0,0.0,0.0,0.0,0.0,0.0,0.0,1.0,0.0,0.0,0.0,0.0,1.0,3.0,1.0,1.0,1.0,0.0,0.0,0.0,0.0,0.0,0.0,0.0,3.0,0.0,3.0,1.0,0.0,0.0,0.0,0.0,0.0,1.0,0.0,0.0,0.0,0.0,0.0,0.0,0.0,0.0,7.0,2.0,0.0,1.0,0.0,3.0,13.0,5.0,18.0
pro archia,137,27.0,3.0,10.0,3.0,16.0,3.0,1.0,0.0,4.0,47.0,0.0,0.0,0.0,0.0,0.0,0.0,3.0,1.0,3.0,0.0,0.0,4.0,7.0,54.0,9.0,7.0,0.0,0.0,1.0,1.0,0.0,0.0,0.0,0.0,17.0,1.0,2.0,0.0,0.0,0.0,0.0,3.0,0.0,3.0,1.0,0.0,0.0,0.0,1.0,2.0,2.0,0.0,0.0,0.0,0.0,0.0,2.0,24.0,6.0,16.0,1.0,0.0,2.0,0.0,3.0,0.0,1.0,0.0,0.0,0.0,0.0,1.0,26.0,4.0,2.0,5.0,0.0,1.0,0.0,0.0,2.0,0.0,11.0,3.0,14.0,4.0,1.0,0.0,0.0,0.0,1.0,5.0,4.0,0.0,0.0,1.0,2.0,0.0,3.0,7.0,52.0,0.0,1.0,0.0,0.0,0.0,1.0,1.0,1.0,0.0,0.0,0.0,0.0,0.0,1.0,3.0,1.0,1.0,0.0,0.0,0.0,0.0,0.0,0.0,0.0,0.0,2.0,0.0,2.0,1.0,0.0,0.0,0.0,0.0,0.0,1.0,0.0,0.0,0.0,0.0,0.0,0.0,0.0,0.0,6.0,0.0,0.0,0.0,0.0,0.0,6.0,1.0,7.0
pro flacco,790,119.0,19.0,49.0,13.0,81.0,7.0,2.0,3.0,12.0,212.0,5.0,3.0,0.0,0.0,3.0,8.0,15.0,3.0,15.0,2.0,4.0,24.0,39.0,259.0,63.0,52.0,6.0,6.0,1.0,13.0,0.0,1.0,0.0,1.0,129.0,12.0,7.0,5.0,3.0,0.0,2.0,24.0,5.0,29.0,12.0,1.0,1.0,1.0,12.0,24.0,13.0,3.0,5.0,0.0,3.0,11.0,24.0,206.0,58.0,72.0,9.0,1.0,16.0,3.0,29.0,0.0,3.0,0.0,0.0,0.0,0.0,3.0,162.0,15.0,11.0,17.0,2.0,1.0,1.0,2.0,5.0,0.0,45.0,9.0,54.0,19.0,5.0,0.0,5.0,0.0,10.0,29.0,15.0,3.0,4.0,6.0,7.0,1.0,21.0,36.0,281.0,5.0,7.0,2.0,0.0,0.0,0.0,2.0,0.0,0.0,0.0,0.0,0.0,0.0,0.0,14.0,1.0,1.0,2.0,0.0,0.0,0.0,0.0,0.0,0.0,0.0,4.0,0.0,4.0,1.0,0.0,0.0,1.0,0.0,1.0,2.0,5.0,0.0,2.0,2.0,0.0,0.0,4.0,9.0,29.0,1.0,0.0,1.0,0.0,2.0,44.0,12.0,56.0
orationum depertiarum frr,319,47.0,8.0,9.0,7.0,24.0,3.0,2.0,0.0,5.0,76.0,4.0,3.0,1.0,1.0,5.0,9.0,5.0,1.0,5.0,3.0,3.0,12.0,17.0,102.0,20.0,21.0,1.0,2.0,1.0,4.0,1.0,0.0,1.0,2.0,47.0,2.0,2.0,1.0,1.0,1.0,0.0,5.0,2.0,7.0,6.0,0.0,2.0,1.0,6.0,12.0,7.0,1.0,1.0,0.0,2.0,4.0,11.0,77.0,17.0,17.0,4.0,0.0,2.0,2.0,8.0,0.0,1.0,0.0,0.0,0.0,0.0,1.0,43.0,3.0,4.0,2.0,1.0,2.0,1.0,0.0,3.0,1.0,10.0,7.0,17.0,8.0,1.0,0.0,1.0,1.0,3.0,11.0,7.0,2.0,3.0,1.0,1.0,0.0,7.0,14.0,85.0,6.0,3.0,0.0,0.0,0.0,0.0,0.0,0.0,0.0,0.0,1.0,0.0,0.0,1.0,10.0,2.0,1.0,0.0,0.0,1.0,0.0,0.0,0.0,0.0,0.0,3.0,1.0,4.0,2.0,0.0,0.0,0.0,0.0,0.0,2.0,0.0,0.0,0.0,0.0,0.0,0.0,0.0,0.0,16.0,1.0,1.0,0.0,0.0,2.0,15.0,11.0,26.0
epistulae fragmenta,113,12.0,1.0,5.0,5.0,11.0,0.0,1.0,0.0,1.0,24.0,5.0,0.0,0.0,2.0,2.0,7.0,4.0,1.0,1.0,0.0,2.0,4.0,8.0,39.0,15.0,8.0,0.0,2.0,1.0,3.0,1.0,0.0,0.0,1.0,27.0,1.0,0.0,1.0,0.0,0.0,0.0,2.0,0.0,2.0,5.0,0.0,0.0,0.0,5.0,10.0,1.0,0.0,0.0,0.0,0.0,0.0,1.0,40.0,2.0,5.0,0.0,0.0,1.0,0.0,1.0,0.0,2.0,0.0,0.0,0.0,0.0,2.0,10.0,0.0,1.0,2.0,0.0,0.0,0.0,0.0,0.0,0.0,3.0,0.0,3.0,4.0,0.0,0.0,0.0,0.0,0.0,4.0,2.0,0.0,0.0,0.0,0.0,0.0,0.0,2.0,19.0,0.0,0.0,0.0,0.0,0.0,0.0,0.0,0.0,0.0,0.0,0.0,0.0,0.0,0.0,0.0,2.0,0.0,1.0,0.0,0.0,1.0,0.0,1.0,0.0,0.0,3.0,2.0,5.0,2.0,0.0,0.0,0.0,0.0,0.0,2.0,0.0,0.0,0.0,0.0,0.0,0.0,0.0,0.0,7.0,0.0,0.0,0.0,0.0,0.0,5.0,1.0,6.0
pro roscio amerino,832,79.0,28.0,35.0,19.0,82.0,8.0,4.0,5.0,17.0,178.0,14.0,5.0,4.0,3.0,12.0,26.0,16.0,3.0,21.0,3.0,4.0,31.0,47.0,251.0,60.0,72.0,14.0,5.0,0.0,19.0,1.0,0.0,1.0,2.0,153.0,18.0,10.0,10.0,3.0,1.0,3.0,38.0,7.0,45.0,17.0,5.0,1.0,2.0,17.0,34.0,15.0,5.0,8.0,1.0,4.0,18.0,33.0,265.0,34.0,54.0,9.0,4.0,7.0,4.0,24.0,0.0,3.0,0.0,1.0,0.0,2.0,6.0,118.0,9.0,14.0,12.0,4.0,4.0,2.0,1.0,2.0,1.0,39.0,10.0,49.0,11.0,2.0,1.0,4.0,1.0,8.0,19.0,12.0,2.0,7.0,5.0,5.0,1.0,20.0,32.0,218.0,6.0,12.0,1.0,0.0,0.0,1.0,2.0,0.0,0.0,1.0,0.0,0.0,0.0,1.0,21.0,2.0,1.0,1.0,0.0,0.0,2.0,0.0,1.0,0.0,1.0,4.0,4.0,8.0,2.0,0.0,0.0,1.0,0.0,1.0,3.0,0.0,1.0,1.0,1.0,1.0,0.0,4.0,4.0,36.0,3.0,2.0,0.0,0.0,5.0,49.0,23.0,72.0
de republica,1151,117.0,18.0,48.0,15.0,81.0,4.0,2.0,2.0,8.0,206.0,9.0,3.0,2.0,7.0,12.0,21.0,26.0,4.0,15.0,5.0,9.0,33.0,59.0,286.0,188.0,120.0,21.0,9.0,5.0,35.0,0.0,0.0,0.0,0.0,343.0,32.0,16.0,1.0,2.0,3.0,1.0,49.0,6.0,55.0,30.0,3.0,2.0,3.0,30.0,60.0,14.0,5.0,18.0,3.0,3.0,29.0,43.0,501.0,47.0,48.0,5.0,2.0,19.0,3.0,29.0,0.0,1.0,0.0,3.0,0.0,0.0,4.0,128.0,7.0,12.0,13.0,1.0,0.0,5.0,0.0,1.0,3.0,33.0,9.0,42.0,19.0,2.0,1.0,3.0,3.0,9.0,28.0,10.0,1.0,3.0,1.0,7.0,0.0,12.0,22.0,220.0,21.0,24.0,2.0,0.0,0.0,1.0,3.0,0.0,0.0,0.0,0.0,0.0,0.0,0.0,48.0,0.0,2.0,2.0,0.0,1.0,0.0,0.0,0.0,0.0,0.0,4.0,1.0,5.0,0.0,1.0,0.0,0.0,0.0,1.0,1.0,10.0,2.0,1.0,3.0,1.0,0.0,7.0,17.0,71.0,1.0,2.0,1.0,0.0,4.0,50.0,19.0,69.0
pro lege manilia,291,87.0,6.0,31.0,5.0,42.0,2.0,0.0,0.0,2.0,131.0,1.0,0.0,0.0,1.0,1.0,2.0,4.0,0.0,6.0,0.0,0.0,6.0,10.0,143.0,13.0,10.0,1.0,2.0,0.0,3.0,0.0,0.0,0.0,0.0,26.0,0.0,0.0,1.0,0.0,0.0,0.0,1.0,0.0,1.0,4.0,1.0,0.0,0.0,4.0,8.0,5.0,0.0,0.0,0.0,0.0,0.0,5.0,40.0,24.0,26.0,3.0,1.0,7.0,0.0,11.0,0.0,0.0,0.0,0.0,0.0,0.0,0.0,61.0,7.0,4.0,19.0,1.0,1.0,1.0,0.0,2.0,0.0,31.0,4.0,35.0,9.0,1.0,0.0,1.0,0.0,2.0,11.0,7.0,2.0,2.0,0.0,2.0,0.0,6.0,13.0,120.0,0.0,2.0,0.0,0.0,0.0,0.0,0.0,0.0,0.0,0.0,0.0,0.0,0.0,0.0,2.0,2.0,0.0,0.0,0.0,0.0,1.0,0.0,0.0,0.0,0.0,2.0,1.0,3.0,2.0,0.0,0.0,0.0,0.0,0.0,2.0,0.0,0.0,0.0,0.0,1.0,0.0,1.0,1.0,8.0,0.0,0.0,0.0,0.0,0.0,14.0,3.0,17.0
orationum incertarum frr,36,4.0,1.0,1.0,0.0,2.0,0.0,0.0,0.0,0.0,6.0,0.0,0.0,0.0,0.0,0.0,0.0,1.0,1.0,1.0,0.0,0.0,2.0,3.0,9.0,3.0,4.0,2.0,1.0,0.0,3.0,0.0,0.0,0.0,0.0,10.0,0.0,0.0,0.0,0.0,0.0,0.0,0.0,0.0,0.0,0.0,0.0,0.0,0.0,0.0,0.0,0.0,0.0,2.0,0.0,0.0,2.0,2.0,12.0,2.0,1.0,0.0,0.0,0.0,0.0,0.0,0.0,0.0,0.0,0.0,0.0,0.0,0.0,3.0,1.0,1.0,0.0,0.0,0.0,1.0,0.0,0.0,0.0,2.0,1.0,3.0,0.0,0.0,0.0,0.0,0.0,0.0,0.0,1.0,1.0,0.0,0.0,0.0,0.0,1.0,2.0,8.0,1.0,0.0,1.0,0.0,0.0,0.0,1.0,0.0,0.0,0.0,0.0,0.0,0.0,0.0,2.0,1.0,0.0,1.0,0.0,0.0,0.0,0.0,0.0,0.0,0.0,2.0,0.0,2.0,1.0,1.0,0.0,0.0,0.0,1.0,2.0,1.0,0.0,0.0,1.0,0.0,0.0,1.0,2.0,8.0,0.0,0.0,0.0,0.0,0.0,1.0,1.0,2.0
pro ligario,254,36.0,6.0,20.0,1.0,27.0,0.0,1.0,1.0,2.0,65.0,5.0,1.0,1.0,0.0,2.0,7.0,4.0,2.0,5.0,1.0,2.0,10.0,14.0,86.0,30.0,18.0,4.0,2.0,0.0,6.0,0.0,0.0,0.0,0.0,54.0,2.0,2.0,1.0,2.0,0.0,0.0,5.0,2.0,7.0,5.0,0.0,0.0,1.0,5.0,10.0,5.0,1.0,4.0,0.0,0.0,5.0,10.0,81.0,17.0,15.0,1.0,1.0,8.0,0.0,10.0,0.0,1.0,0.0,0.0,0.0,0.0,1.0,43.0,6.0,4.0,6.0,0.0,1.0,2.0,0.0,0.0,0.0,16.0,3.0,19.0,0.0,0.0,0.0,0.0,0.0,0.0,0.0,4.0,2.0,1.0,0.0,2.0,1.0,6.0,10.0,72.0,3.0,1.0,0.0,0.0,0.0,1.0,1.0,1.0,0.0,0.0,0.0,0.0,0.0,1.0,6.0,0.0,0.0,0.0,0.0,0.0,0.0,0.0,0.0,0.0,0.0,0.0,0.0,0.0,0.0,0.0,0.0,0.0,0.0,0.0,0.0,1.0,0.0,0.0,1.0,1.0,0.0,2.0,3.0,9.0,0.0,1.0,0.0,0.0,1.0,11.0,4.0,15.0
commentarii causarum,6,0.0,0.0,0.0,0.0,0.0,0.0,0.0,0.0,0.0,0.0,0.0,0.0,0.0,0.0,0.0,0.0,0.0,0.0,0.0,0.0,0.0,0.0,0.0,0.0,1.0,1.0,0.0,0.0,0.0,0.0,0.0,0.0,0.0,0.0,2.0,1.0,0.0,0.0,0.0,0.0,0.0,1.0,0.0,1.0,0.0,0.0,0.0,0.0,0.0,0.0,0.0,0.0,0.0,0.0,0.0,0.0,0.0,3.0,0.0,0.0,0.0,0.0,0.0,0.0,0.0,0.0,0.0,0.0,0.0,0.0,0.0,0.0,0.0,0.0,0.0,0.0,0.0,0.0,0.0,0.0,0.0,0.0,0.0,0.0,0.0,0.0,0.0,0.0,0.0,0.0,0.0,0.0,0.0,0.0,0.0,0.0,0.0,0.0,0.0,0.0,0.0,0.0,0.0,0.0,0.0,0.0,0.0,0.0,0.0,0.0,0.0,0.0,0.0,0.0,0.0,0.0,0.0,0.0,0.0,0.0,0.0,0.0,0.0,0.0,0.0,0.0,0.0,0.0,0.0,0.0,0.0,0.0,0.0,0.0,0.0,0.0,0.0,0.0,0.0,0.0,0.0,0.0,0.0,0.0,0.0,0.0,0.0,0.0,0.0,0.0,0.0,0.0,0.0
pro tullio,226,15.0,8.0,6.0,6.0,20.0,1.0,1.0,0.0,2.0,37.0,2.0,2.0,0.0,0.0,2.0,4.0,6.0,0.0,6.0,1.0,2.0,9.0,15.0,56.0,13.0,15.0,2.0,1.0,1.0,4.0,0.0,0.0,0.0,0.0,32.0,7.0,2.0,2.0,0.0,0.0,0.0,11.0,0.0,11.0,7.0,0.0,0.0,1.0,7.0,14.0,5.0,3.0,2.0,0.0,0.0,5.0,10.0,67.0,10.0,10.0,2.0,0.0,1.0,0.0,3.0,0.0,0.0,0.0,1.0,0.0,0.0,1.0,24.0,4.0,2.0,4.0,2.0,1.0,0.0,0.0,0.0,1.0,12.0,2.0,14.0,2.0,1.0,0.0,1.0,0.0,2.0,4.0,5.0,3.0,1.0,1.0,0.0,0.0,5.0,10.0,52.0,0.0,5.0,0.0,0.0,0.0,0.0,0.0,0.0,0.0,0.0,0.0,0.0,0.0,0.0,5.0,0.0,0.0,1.0,0.0,0.0,0.0,0.0,0.0,0.0,0.0,1.0,0.0,1.0,0.0,0.0,0.0,0.0,0.0,0.0,0.0,1.0,0.0,0.0,0.0,0.0,0.0,0.0,1.0,7.0,2.0,1.0,1.0,0.0,4.0,17.0,2.0,19.0
pro caecina,624,97.0,15.0,26.0,11.0,52.0,1.0,4.0,0.0,5.0,154.0,3.0,6.0,5.0,5.0,16.0,19.0,15.0,1.0,9.0,6.0,6.0,22.0,37.0,210.0,44.0,49.0,9.0,2.0,1.0,12.0,0.0,0.0,0.0,0.0,105.0,7.0,10.0,3.0,1.0,2.0,0.0,20.0,3.0,23.0,10.0,3.0,1.0,0.0,10.0,20.0,6.0,2.0,6.0,1.0,0.0,9.0,15.0,163.0,26.0,52.0,6.0,2.0,10.0,0.0,18.0,0.0,0.0,1.0,0.0,0.0,0.0,1.0,97.0,6.0,7.0,11.0,1.0,1.0,0.0,0.0,1.0,0.0,25.0,2.0,27.0,11.0,1.0,0.0,2.0,1.0,4.0,15.0,7.0,0.0,5.0,3.0,2.0,2.0,12.0,19.0,158.0,5.0,8.0,0.0,1.0,0.0,0.0,1.0,0.0,0.0,0.0,0.0,0.0,0.0,0.0,14.0,1.0,0.0,0.0,1.0,0.0,1.0,0.0,0.0,0.0,0.0,2.0,1.0,3.0,1.0,0.0,1.0,0.0,0.0,1.0,2.0,3.0,1.0,0.0,0.0,0.0,0.0,1.0,4.0,23.0,1.0,1.0,0.0,0.0,2.0,41.0,20.0,61.0
in verrem,6481,1085.0,165.0,303.0,131.0,599.0,19.0,17.0,9.0,45.0,1729.0,93.0,28.0,21.0,10.0,59.0,152.0,161.0,19.0,130.0,43.0,36.0,228.0,389.0,2270.0,479.0,489.0,53.0,24.0,23.0,100.0,2.0,3.0,6.0,11.0,1079.0,122.0,64.0,43.0,10.0,8.0,4.0,229.0,22.0,251.0,112.0,15.0,5.0,18.0,112.0,224.0,104.0,33.0,36.0,14.0,9.0,92.0,196.0,1750.0,261.0,418.0,72.0,21.0,90.0,9.0,192.0,2.0,14.0,2.0,2.0,2.0,2.0,24.0,895.0,90.0,114.0,110.0,27.0,23.0,14.0,6.0,10.0,10.0,341.0,63.0,404.0,137.0,26.0,6.0,31.0,5.0,68.0,205.0,93.0,18.0,46.0,36.0,40.0,10.0,150.0,243.0,1747.0,63.0,83.0,10.0,1.0,2.0,5.0,18.0,2.0,2.0,0.0,1.0,0.0,0.0,5.0,169.0,24.0,20.0,7.0,2.0,5.0,2.0,1.0,0.0,1.0,3.0,53.0,12.0,65.0,24.0,3.0,1.0,1.0,2.0,7.0,31.0,29.0,3.0,6.0,6.0,4.0,1.0,20.0,49.0,314.0,18.0,7.0,4.0,1.0,30.0,386.0,144.0,530.0
de iure civ in artem redig,5,0.0,0.0,0.0,0.0,0.0,0.0,0.0,0.0,0.0,0.0,0.0,0.0,0.0,0.0,0.0,0.0,0.0,0.0,0.0,0.0,0.0,0.0,0.0,0.0,0.0,0.0,0.0,0.0,0.0,0.0,0.0,0.0,0.0,0.0,0.0,0.0,0.0,1.0,0.0,0.0,0.0,1.0,0.0,1.0,0.0,0.0,0.0,0.0,0.0,0.0,0.0,0.0,0.0,0.0,0.0,0.0,0.0,1.0,0.0,0.0,0.0,0.0,0.0,0.0,0.0,0.0,0.0,0.0,0.0,0.0,0.0,0.0,0.0,0.0,0.0,0.0,1.0,0.0,0.0,0.0,0.0,0.0,1.0,0.0,1.0,0.0,0.0,0.0,0.0,0.0,0.0,0.0,0.0,0.0,0.0,0.0,0.0,0.0,0.0,0.0,1.0,0.0,0.0,0.0,0.0,0.0,0.0,0.0,0.0,0.0,0.0,0.0,0.0,0.0,0.0,0.0,0.0,1.0,0.0,0.0,0.0,0.0,0.0,0.0,0.0,0.0,1.0,0.0,1.0,0.0,0.0,0.0,0.0,0.0,0.0,0.0,0.0,0.0,0.0,0.0,0.0,0.0,0.0,0.0,1.0,0.0,0.0,0.0,0.0,0.0,0.0,0.0,0.0
pro rege deiotaro,253,50.0,4.0,14.0,1.0,19.0,1.0,1.0,1.0,3.0,72.0,2.0,1.0,1.0,0.0,2.0,4.0,6.0,1.0,3.0,2.0,0.0,6.0,12.0,88.0,40.0,21.0,9.0,3.0,0.0,12.0,0.0,0.0,0.0,0.0,73.0,1.0,0.0,1.0,0.0,0.0,0.0,2.0,0.0,2.0,4.0,1.0,0.0,0.0,4.0,8.0,3.0,1.0,8.0,1.0,0.0,10.0,13.0,96.0,16.0,13.0,4.0,0.0,3.0,0.0,7.0,0.0,1.0,0.0,0.0,0.0,1.0,2.0,38.0,3.0,3.0,7.0,0.0,0.0,0.0,0.0,1.0,0.0,13.0,1.0,14.0,2.0,1.0,0.0,1.0,0.0,2.0,4.0,3.0,2.0,3.0,1.0,2.0,1.0,9.0,12.0,68.0,2.0,4.0,2.0,0.0,0.0,0.0,2.0,0.0,0.0,0.0,0.0,0.0,0.0,0.0,8.0,0.0,0.0,1.0,0.0,0.0,1.0,0.0,0.0,0.0,0.0,1.0,1.0,2.0,0.0,0.0,0.0,0.0,0.0,0.0,0.0,0.0,0.0,1.0,0.0,0.0,0.0,1.0,1.0,11.0,1.0,0.0,0.0,0.0,1.0,13.0,2.0,15.0
incertorum librorum fragmenta,19,2.0,0.0,1.0,0.0,1.0,0.0,0.0,0.0,0.0,3.0,0.0,0.0,0.0,0.0,0.0,0.0,0.0,0.0,0.0,1.0,0.0,1.0,1.0,4.0,2.0,1.0,1.0,0.0,0.0,1.0,0.0,0.0,0.0,0.0,4.0,0.0,0.0,0.0,0.0,0.0,0.0,0.0,0.0,0.0,0.0,0.0,0.0,0.0,0.0,0.0,0.0,0.0,1.0,0.0,0.0,1.0,1.0,5.0,0.0,0.0,0.0,0.0,0.0,0.0,0.0,0.0,0.0,0.0,0.0,0.0,0.0,0.0,0.0,2.0,0.0,1.0,0.0,0.0,0.0,0.0,0.0,0.0,3.0,0.0,3.0,0.0,0.0,0.0,0.0,0.0,0.0,0.0,0.0,0.0,0.0,0.0,0.0,0.0,0.0,0.0,3.0,0.0,1.0,0.0,0.0,0.0,0.0,0.0,0.0,0.0,0.0,0.0,0.0,0.0,0.0,1.0,0.0,0.0,0.0,0.0,0.0,0.0,0.0,0.0,0.0,0.0,0.0,0.0,0.0,0.0,0.0,0.0,0.0,0.0,0.0,0.0,0.0,0.0,0.0,0.0,0.0,0.0,0.0,0.0,1.0,0.0,0.0,0.0,0.0,0.0,3.0,3.0,6.0
brutus,1568,210.0,28.0,62.0,18.0,108.0,10.0,2.0,2.0,14.0,332.0,7.0,4.0,2.0,1.0,7.0,14.0,27.0,3.0,23.0,7.0,6.0,39.0,66.0,412.0,284.0,134.0,41.0,10.0,3.0,54.0,0.0,0.0,1.0,1.0,473.0,36.0,14.0,5.0,4.0,3.0,2.0,55.0,9.0,64.0,33.0,5.0,2.0,0.0,33.0,66.0,20.0,6.0,35.0,4.0,4.0,49.0,69.0,672.0,79.0,86.0,18.0,5.0,11.0,4.0,38.0,0.0,2.0,0.0,2.0,0.0,0.0,4.0,207.0,15.0,21.0,25.0,3.0,2.0,1.0,0.0,4.0,0.0,64.0,7.0,71.0,25.0,7.0,1.0,11.0,3.0,22.0,47.0,21.0,5.0,11.0,3.0,11.0,2.0,32.0,53.0,378.0,28.0,20.0,3.0,1.0,0.0,0.0,4.0,0.0,0.0,0.0,0.0,0.0,0.0,0.0,52.0,4.0,12.0,3.0,0.0,2.0,2.0,0.0,0.0,0.0,1.0,19.0,5.0,24.0,4.0,0.0,1.0,0.0,0.0,1.0,5.0,4.0,3.0,3.0,1.0,1.0,0.0,8.0,12.0,93.0,1.0,2.0,2.0,0.0,5.0,58.0,18.0,76.0
de officiis,1829,263.0,56.0,130.0,28.0,214.0,16.0,7.0,3.0,26.0,503.0,15.0,21.0,5.0,4.0,30.0,45.0,23.0,3.0,34.0,5.0,12.0,54.0,77.0,625.0,311.0,121.0,37.0,14.0,4.0,55.0,2.0,1.0,1.0,4.0,491.0,30.0,16.0,7.0,4.0,2.0,2.0,53.0,8.0,61.0,37.0,7.0,7.0,2.0,37.0,74.0,14.0,11.0,30.0,3.0,3.0,47.0,61.0,687.0,113.0,112.0,18.0,3.0,43.0,3.0,67.0,0.0,9.0,1.0,4.0,1.0,1.0,16.0,308.0,19.0,21.0,46.0,2.0,4.0,7.0,2.0,8.0,1.0,88.0,22.0,110.0,27.0,5.0,0.0,12.0,1.0,18.0,45.0,36.0,7.0,13.0,4.0,11.0,3.0,38.0,74.0,537.0,23.0,33.0,3.0,0.0,2.0,0.0,5.0,1.0,1.0,0.0,0.0,0.0,1.0,3.0,64.0,4.0,1.0,3.0,1.0,3.0,1.0,0.0,2.0,1.0,0.0,9.0,7.0,16.0,4.0,0.0,0.0,2.0,0.0,2.0,6.0,8.0,5.0,3.0,2.0,4.0,0.0,14.0,22.0,108.0,3.0,3.0,0.0,0.0,6.0,61.0,34.0,95.0
de domo sua,769,136.0,16.0,51.0,11.0,78.0,7.0,1.0,0.0,8.0,222.0,5.0,2.0,2.0,3.0,7.0,12.0,10.0,3.0,13.0,2.0,4.0,22.0,32.0,266.0,61.0,35.0,12.0,4.0,1.0,17.0,2.0,1.0,0.0,3.0,116.0,13.0,4.0,4.0,1.0,0.0,0.0,21.0,1.0,22.0,5.0,0.0,0.0,1.0,5.0,10.0,8.0,3.0,11.0,0.0,0.0,14.0,22.0,170.0,60.0,59.0,10.0,4.0,24.0,0.0,38.0,0.0,1.0,0.0,0.0,0.0,0.0,1.0,158.0,12.0,17.0,12.0,3.0,5.0,2.0,0.0,5.0,1.0,44.0,13.0,57.0,25.0,4.0,1.0,7.0,0.0,12.0,37.0,15.0,3.0,6.0,1.0,5.0,1.0,16.0,31.0,283.0,6.0,12.0,1.0,1.0,0.0,0.0,2.0,0.0,0.0,0.0,2.0,0.0,0.0,2.0,22.0,2.0,3.0,1.0,0.0,1.0,0.0,0.0,0.0,0.0,0.0,6.0,1.0,7.0,2.0,0.0,1.0,0.0,0.0,1.0,3.0,1.0,2.0,1.0,1.0,0.0,0.0,4.0,5.0,37.0,2.0,2.0,0.0,0.0,4.0,33.0,13.0,46.0
pro sestio,883,199.0,19.0,50.0,16.0,85.0,4.0,0.0,2.0,6.0,290.0,9.0,0.0,1.0,3.0,4.0,13.0,34.0,7.0,18.0,8.0,3.0,36.0,70.0,373.0,57.0,45.0,9.0,4.0,0.0,13.0,1.0,0.0,0.0,1.0,116.0,7.0,3.0,2.0,0.0,1.0,2.0,12.0,3.0,15.0,8.0,3.0,2.0,2.0,8.0,16.0,7.0,0.0,6.0,0.0,1.0,7.0,14.0,161.0,91.0,65.0,8.0,0.0,13.0,1.0,22.0,1.0,1.0,0.0,1.0,0.0,0.0,3.0,181.0,10.0,19.0,24.0,0.0,3.0,2.0,1.0,3.0,0.0,53.0,9.0,62.0,18.0,2.0,0.0,5.0,1.0,8.0,26.0,14.0,2.0,6.0,3.0,4.0,1.0,16.0,30.0,299.0,4.0,9.0,0.0,0.0,1.0,0.0,1.0,0.0,0.0,0.0,0.0,0.0,0.0,0.0,14.0,1.0,3.0,3.0,1.0,0.0,1.0,0.0,0.0,0.0,0.0,8.0,1.0,9.0,1.0,0.0,0.0,0.0,0.0,0.0,1.0,4.0,1.0,0.0,0.0,0.0,0.0,1.0,5.0,29.0,1.0,1.0,1.0,0.0,3.0,59.0,19.0,78.0
pro murena,622,93.0,16.0,44.0,16.0,76.0,0.0,2.0,1.0,3.0,172.0,3.0,3.0,5.0,0.0,8.0,11.0,11.0,2.0,13.0,2.0,2.0,19.0,30.0,213.0,48.0,57.0,6.0,2.0,2.0,10.0,0.0,0.0,0.0,0.0,115.0,14.0,7.0,6.0,3.0,0.0,0.0,27.0,3.0,30.0,16.0,0.0,0.0,1.0,16.0,32.0,5.0,3.0,6.0,3.0,1.0,13.0,18.0,195.0,39.0,45.0,3.0,0.0,13.0,1.0,17.0,0.0,0.0,0.0,0.0,0.0,1.0,1.0,102.0,9.0,3.0,21.0,3.0,4.0,1.0,2.0,0.0,1.0,36.0,8.0,44.0,10.0,0.0,0.0,4.0,0.0,4.0,14.0,9.0,2.0,3.0,3.0,3.0,0.0,11.0,20.0,180.0,6.0,8.0,1.0,0.0,0.0,1.0,2.0,0.0,0.0,0.0,0.0,0.0,0.0,0.0,16.0,2.0,1.0,1.0,0.0,1.0,0.0,0.0,0.0,0.0,0.0,4.0,1.0,5.0,2.0,1.0,0.0,0.0,0.0,1.0,3.0,4.0,2.0,0.0,0.0,0.0,1.0,3.0,7.0,31.0,3.0,0.0,0.0,0.0,3.0,34.0,8.0,42.0
philippicae,4007,702.0,95.0,229.0,60.0,384.0,35.0,7.0,5.0,47.0,1133.0,37.0,23.0,18.0,13.0,54.0,91.0,62.0,13.0,70.0,15.0,20.0,118.0,180.0,1404.0,582.0,241.0,67.0,16.0,8.0,91.0,0.0,2.0,1.0,3.0,917.0,70.0,24.0,13.0,8.0,3.0,2.0,107.0,13.0,120.0,54.0,14.0,3.0,2.0,54.0,108.0,52.0,19.0,52.0,7.0,4.0,82.0,134.0,1279.0,279.0,222.0,34.0,6.0,63.0,4.0,107.0,1.0,10.0,0.0,3.0,2.0,2.0,18.0,626.0,33.0,40.0,85.0,6.0,1.0,20.0,3.0,19.0,1.0,164.0,44.0,208.0,77.0,7.0,3.0,22.0,3.0,35.0,112.0,48.0,8.0,26.0,4.0,23.0,4.0,65.0,113.0,1059.0,50.0,38.0,2.0,0.0,0.0,1.0,3.0,0.0,0.0,1.0,0.0,0.0,0.0,1.0,92.0,6.0,11.0,5.0,2.0,0.0,3.0,0.0,0.0,1.0,0.0,24.0,4.0,28.0,6.0,0.0,0.0,2.0,1.0,3.0,9.0,21.0,3.0,2.0,2.0,2.0,1.0,10.0,31.0,160.0,3.0,2.0,1.0,2.0,8.0,232.0,53.0,285.0
de inventore,2209,281.0,45.0,66.0,39.0,150.0,7.0,5.0,7.0,19.0,450.0,27.0,10.0,4.0,11.0,25.0,52.0,72.0,16.0,35.0,18.0,24.0,93.0,165.0,667.0,73.0,130.0,17.0,9.0,15.0,41.0,0.0,1.0,2.0,3.0,247.0,37.0,22.0,17.0,6.0,2.0,6.0,76.0,14.0,90.0,23.0,6.0,3.0,4.0,23.0,46.0,48.0,10.0,11.0,9.0,1.0,31.0,79.0,462.0,97.0,179.0,25.0,7.0,22.0,1.0,55.0,1.0,5.0,0.0,1.0,1.0,0.0,8.0,339.0,47.0,26.0,17.0,7.0,7.0,7.0,3.0,2.0,2.0,97.0,21.0,118.0,49.0,6.0,1.0,4.0,2.0,13.0,62.0,61.0,16.0,19.0,5.0,11.0,7.0,58.0,119.0,638.0,21.0,23.0,11.0,1.0,1.0,1.0,14.0,2.0,0.0,0.0,0.0,0.0,0.0,2.0,60.0,4.0,4.0,5.0,4.0,2.0,0.0,1.0,0.0,0.0,0.0,17.0,3.0,20.0,4.0,3.0,1.0,1.0,0.0,5.0,9.0,14.0,5.0,8.0,5.0,1.0,1.0,20.0,34.0,123.0,14.0,3.0,0.0,0.0,17.0,186.0,64.0,250.0
pro rabirio perduellionis reo,152,32.0,3.0,8.0,1.0,12.0,1.0,0.0,0.0,1.0,45.0,0.0,1.0,0.0,1.0,2.0,2.0,0.0,0.0,2.0,2.0,1.0,5.0,5.0,52.0,5.0,18.0,0.0,1.0,0.0,1.0,0.0,0.0,0.0,0.0,24.0,3.0,3.0,1.0,0.0,0.0,0.0,7.0,0.0,7.0,4.0,0.0,0.0,0.0,4.0,8.0,3.0,0.0,0.0,0.0,0.0,0.0,3.0,42.0,12.0,12.0,0.0,0.0,2.0,0.0,2.0,0.0,0.0,0.0,0.0,0.0,0.0,0.0,26.0,2.0,5.0,5.0,0.0,1.0,0.0,0.0,1.0,0.0,12.0,2.0,14.0,2.0,0.0,0.0,0.0,0.0,0.0,2.0,2.0,0.0,0.0,0.0,0.0,1.0,1.0,3.0,45.0,0.0,3.0,1.0,0.0,0.0,0.0,1.0,0.0,0.0,0.0,0.0,0.0,0.0,0.0,4.0,0.0,0.0,1.0,0.0,0.0,0.0,0.0,0.0,0.0,0.0,1.0,0.0,1.0,0.0,0.0,0.0,0.0,0.0,0.0,0.0,0.0,0.0,1.0,0.0,0.0,0.0,1.0,1.0,6.0,1.0,0.0,0.0,0.0,1.0,10.0,3.0,13.0
carmina fragmenta,127,0.0,0.0,0.0,0.0,0.0,0.0,0.0,0.0,0.0,0.0,3.0,0.0,1.0,3.0,4.0,7.0,3.0,0.0,0.0,2.0,0.0,2.0,5.0,12.0,1.0,15.0,2.0,0.0,0.0,2.0,0.0,0.0,0.0,0.0,18.0,6.0,2.0,4.0,1.0,1.0,0.0,12.0,2.0,14.0,11.0,1.0,0.0,0.0,11.0,22.0,6.0,6.0,1.0,0.0,0.0,7.0,13.0,67.0,0.0,3.0,0.0,0.0,0.0,0.0,0.0,0.0,0.0,0.0,0.0,0.0,0.0,0.0,3.0,0.0,0.0,0.0,4.0,0.0,0.0,0.0,0.0,0.0,4.0,0.0,4.0,0.0,0.0,0.0,0.0,1.0,1.0,1.0,2.0,0.0,0.0,0.0,0.0,0.0,0.0,2.0,10.0,0.0,0.0,0.0,0.0,0.0,0.0,0.0,0.0,0.0,0.0,0.0,0.0,0.0,0.0,0.0,0.0,0.0,0.0,0.0,0.0,0.0,0.0,0.0,0.0,0.0,0.0,0.0,0.0,0.0,0.0,0.0,0.0,0.0,0.0,0.0,0.0,0.0,0.0,0.0,0.0,0.0,0.0,0.0,0.0,0.0,0.0,0.0,0.0,0.0,4.0,53.0,57.0
epistulae ad quintum fratrem,1306,170.0,26.0,55.0,36.0,117.0,9.0,2.0,1.0,12.0,299.0,15.0,5.0,3.0,6.0,14.0,29.0,44.0,13.0,20.0,6.0,16.0,55.0,99.0,427.0,92.0,101.0,17.0,13.0,1.0,31.0,0.0,3.0,3.0,6.0,230.0,27.0,10.0,8.0,3.0,5.0,1.0,45.0,9.0,54.0,39.0,2.0,5.0,3.0,39.0,78.0,18.0,4.0,12.0,3.0,5.0,24.0,42.0,404.0,57.0,68.0,11.0,4.0,11.0,5.0,31.0,1.0,2.0,2.0,0.0,2.0,0.0,7.0,163.0,7.0,15.0,25.0,6.0,0.0,3.0,1.0,7.0,2.0,53.0,13.0,66.0,22.0,5.0,2.0,5.0,2.0,14.0,36.0,23.0,3.0,6.0,7.0,8.0,1.0,25.0,48.0,313.0,16.0,19.0,2.0,0.0,1.0,3.0,6.0,0.0,0.0,1.0,0.0,1.0,0.0,2.0,43.0,6.0,4.0,1.0,2.0,1.0,0.0,1.0,0.0,1.0,1.0,13.0,4.0,17.0,6.0,1.0,0.0,1.0,0.0,2.0,8.0,9.0,0.0,1.0,2.0,0.0,2.0,5.0,14.0,82.0,6.0,1.0,0.0,0.0,7.0,91.0,28.0,119.0
in pisonem,626,130.0,20.0,23.0,10.0,53.0,2.0,1.0,0.0,3.0,186.0,4.0,3.0,0.0,1.0,4.0,8.0,11.0,2.0,17.0,4.0,5.0,28.0,39.0,233.0,51.0,36.0,8.0,2.0,1.0,11.0,0.0,2.0,0.0,2.0,100.0,6.0,6.0,2.0,1.0,0.0,0.0,14.0,1.0,15.0,5.0,3.0,0.0,0.0,5.0,10.0,8.0,0.0,5.0,2.0,0.0,7.0,15.0,140.0,43.0,51.0,5.0,2.0,9.0,0.0,16.0,1.0,1.0,0.0,1.0,0.0,0.0,3.0,113.0,12.0,15.0,6.0,2.0,1.0,2.0,0.0,0.0,0.0,35.0,3.0,38.0,22.0,0.0,0.0,1.0,0.0,1.0,23.0,10.0,2.0,5.0,5.0,3.0,0.0,15.0,25.0,199.0,5.0,8.0,0.0,0.0,0.0,0.0,0.0,0.0,0.0,0.0,0.0,0.0,0.0,0.0,13.0,1.0,1.0,1.0,0.0,0.0,0.0,0.0,0.0,0.0,0.0,3.0,0.0,3.0,1.0,0.0,0.0,0.0,0.0,0.0,1.0,3.0,0.0,0.0,1.0,1.0,1.0,3.0,6.0,23.0,1.0,1.0,0.0,0.0,2.0,40.0,13.0,53.0
pro quinctio,614,75.0,15.0,15.0,18.0,48.0,1.0,1.0,0.0,2.0,125.0,8.0,3.0,5.0,3.0,11.0,19.0,14.0,5.0,10.0,5.0,2.0,22.0,36.0,180.0,50.0,41.0,2.0,1.0,3.0,6.0,1.0,0.0,1.0,2.0,99.0,18.0,4.0,3.0,2.0,2.0,0.0,25.0,4.0,29.0,16.0,1.0,0.0,2.0,16.0,32.0,14.0,6.0,1.0,1.0,1.0,9.0,23.0,183.0,28.0,27.0,9.0,0.0,7.0,1.0,17.0,0.0,0.0,1.0,0.0,0.0,0.0,1.0,73.0,4.0,9.0,2.0,1.0,1.0,1.0,1.0,1.0,1.0,16.0,5.0,21.0,8.0,4.0,0.0,4.0,1.0,9.0,17.0,8.0,1.0,5.0,3.0,1.0,1.0,11.0,19.0,130.0,4.0,7.0,1.0,0.0,0.0,0.0,1.0,0.0,0.0,0.0,1.0,0.0,0.0,1.0,13.0,1.0,5.0,0.0,1.0,1.0,0.0,0.0,0.0,0.0,1.0,7.0,2.0,9.0,1.0,1.0,0.0,0.0,0.0,1.0,2.0,1.0,0.0,0.0,1.0,1.0,0.0,2.0,3.0,27.0,2.0,1.0,0.0,0.0,3.0,48.0,16.0,64.0
facete dicta,37,5.0,1.0,0.0,0.0,1.0,1.0,0.0,0.0,1.0,7.0,0.0,0.0,1.0,0.0,1.0,1.0,3.0,2.0,1.0,0.0,2.0,5.0,8.0,16.0,1.0,2.0,0.0,0.0,0.0,0.0,0.0,0.0,1.0,1.0,4.0,1.0,0.0,1.0,0.0,0.0,0.0,2.0,0.0,2.0,0.0,0.0,0.0,0.0,0.0,0.0,2.0,0.0,0.0,0.0,0.0,0.0,2.0,8.0,1.0,1.0,0.0,0.0,0.0,0.0,0.0,0.0,0.0,0.0,0.0,0.0,0.0,0.0,2.0,0.0,1.0,0.0,1.0,0.0,0.0,0.0,0.0,0.0,2.0,0.0,2.0,0.0,0.0,0.0,0.0,0.0,0.0,0.0,1.0,0.0,0.0,0.0,0.0,0.0,0.0,1.0,5.0,0.0,0.0,0.0,0.0,0.0,0.0,0.0,0.0,0.0,0.0,0.0,0.0,0.0,0.0,0.0,0.0,0.0,0.0,0.0,0.0,0.0,0.0,0.0,0.0,1.0,0.0,1.0,1.0,0.0,0.0,0.0,0.0,0.0,0.0,0.0,0.0,0.0,0.0,0.0,0.0,0.0,0.0,0.0,1.0,0.0,0.0,0.0,0.0,0.0,1.0,0.0,1.0
in catilinam,666,151.0,11.0,43.0,12.0,66.0,3.0,2.0,1.0,6.0,223.0,3.0,1.0,2.0,2.0,5.0,8.0,10.0,0.0,10.0,3.0,5.0,18.0,28.0,259.0,61.0,42.0,11.0,4.0,2.0,17.0,0.0,0.0,0.0,0.0,120.0,15.0,8.0,4.0,2.0,1.0,1.0,27.0,4.0,31.0,13.0,3.0,1.0,1.0,13.0,26.0,8.0,1.0,8.0,0.0,2.0,11.0,19.0,196.0,38.0,49.0,8.0,2.0,9.0,2.0,21.0,0.0,1.0,0.0,1.0,0.0,0.0,2.0,110.0,10.0,7.0,18.0,4.0,2.0,4.0,0.0,2.0,0.0,39.0,8.0,47.0,10.0,2.0,1.0,2.0,1.0,6.0,16.0,13.0,4.0,6.0,3.0,9.0,0.0,22.0,35.0,208.0,4.0,8.0,1.0,0.0,0.0,1.0,2.0,0.0,0.0,0.0,0.0,0.0,0.0,0.0,14.0,1.0,1.0,1.0,0.0,0.0,0.0,0.0,0.0,0.0,0.0,3.0,0.0,3.0,1.0,0.0,0.0,1.0,0.0,1.0,2.0,6.0,0.0,1.0,1.0,1.0,0.0,3.0,9.0,28.0,1.0,0.0,0.0,0.0,1.0,21.0,11.0,32.0
de optimo genere oratorum,109,6.0,2.0,3.0,0.0,5.0,0.0,0.0,0.0,0.0,11.0,5.0,0.0,0.0,0.0,0.0,5.0,2.0,0.0,2.0,0.0,0.0,2.0,4.0,20.0,19.0,8.0,4.0,1.0,0.0,5.0,0.0,0.0,0.0,0.0,32.0,4.0,0.0,0.0,0.0,0.0,0.0,4.0,0.0,4.0,3.0,1.0,0.0,1.0,3.0,6.0,0.0,1.0,3.0,0.0,1.0,5.0,5.0,47.0,7.0,4.0,0.0,0.0,1.0,1.0,2.0,0.0,0.0,0.0,0.0,0.0,0.0,0.0,13.0,2.0,4.0,2.0,0.0,0.0,0.0,0.0,0.0,1.0,8.0,1.0,9.0,4.0,0.0,0.0,0.0,0.0,0.0,4.0,1.0,2.0,0.0,0.0,0.0,0.0,2.0,3.0,29.0,0.0,4.0,1.0,0.0,0.0,0.0,1.0,1.0,0.0,0.0,0.0,0.0,0.0,1.0,6.0,0.0,0.0,1.0,0.0,0.0,0.0,0.0,0.0,0.0,0.0,1.0,0.0,1.0,0.0,0.0,0.0,0.0,0.0,0.0,0.0,0.0,0.0,1.0,2.0,0.0,0.0,3.0,3.0,10.0,0.0,0.0,1.0,0.0,1.0,6.0,1.0,7.0
philosophicorum librorum frr,55,5.0,2.0,1.0,1.0,4.0,0.0,0.0,0.0,0.0,9.0,2.0,0.0,0.0,0.0,0.0,2.0,2.0,0.0,2.0,0.0,0.0,2.0,4.0,15.0,6.0,1.0,2.0,0.0,1.0,3.0,0.0,0.0,0.0,0.0,10.0,0.0,1.0,1.0,0.0,0.0,0.0,2.0,0.0,2.0,0.0,0.0,0.0,0.0,0.0,0.0,2.0,0.0,2.0,0.0,0.0,2.0,4.0,16.0,2.0,3.0,1.0,1.0,0.0,0.0,2.0,0.0,0.0,0.0,0.0,0.0,0.0,0.0,7.0,2.0,0.0,1.0,1.0,0.0,0.0,0.0,0.0,0.0,4.0,0.0,4.0,2.0,0.0,0.0,0.0,0.0,0.0,2.0,0.0,0.0,1.0,0.0,0.0,0.0,1.0,1.0,14.0,2.0,1.0,0.0,0.0,0.0,0.0,0.0,0.0,0.0,0.0,0.0,0.0,0.0,0.0,3.0,0.0,1.0,0.0,0.0,0.0,0.0,0.0,0.0,0.0,0.0,1.0,0.0,1.0,0.0,0.0,0.0,0.0,0.0,0.0,0.0,1.0,0.0,0.0,0.0,0.0,0.0,0.0,1.0,5.0,0.0,0.0,0.0,0.0,0.0,2.0,2.0,4.0
epistulae ad familiares,7414,874.0,142.0,284.0,150.0,576.0,31.0,26.0,24.0,81.0,1531.0,135.0,33.0,24.0,44.0,101.0,236.0,240.0,46.0,108.0,50.0,88.0,292.0,532.0,2299.0,717.0,479.0,97.0,54.0,38.0,189.0,6.0,7.0,5.0,18.0,1403.0,121.0,84.0,44.0,44.0,12.0,13.0,249.0,69.0,318.0,146.0,20.0,12.0,15.0,146.0,292.0,146.0,28.0,73.0,32.0,19.0,152.0,298.0,2311.0,338.0,380.0,68.0,21.0,105.0,19.0,213.0,4.0,10.0,8.0,5.0,4.0,8.0,39.0,970.0,88.0,86.0,101.0,23.0,25.0,13.0,8.0,16.0,5.0,298.0,67.0,365.0,137.0,20.0,3.0,22.0,4.0,49.0,186.0,101.0,33.0,46.0,27.0,30.0,12.0,148.0,249.0,1770.0,74.0,81.0,16.0,2.0,6.0,12.0,36.0,3.0,3.0,0.0,2.0,0.0,4.0,12.0,203.0,24.0,19.0,15.0,6.0,5.0,6.0,2.0,0.0,3.0,0.0,64.0,16.0,80.0,24.0,6.0,2.0,8.0,3.0,19.0,43.0,37.0,14.0,8.0,7.0,3.0,2.0,34.0,71.0,397.0,32.0,5.0,3.0,2.0,42.0,462.0,178.0,640.0
pro caelio,522,110.0,9.0,33.0,8.0,50.0,4.0,2.0,4.0,10.0,170.0,0.0,2.0,1.0,2.0,5.0,5.0,8.0,5.0,7.0,2.0,3.0,17.0,25.0,200.0,45.0,26.0,4.0,3.0,0.0,7.0,0.0,0.0,0.0,0.0,78.0,8.0,3.0,2.0,1.0,0.0,1.0,13.0,2.0,15.0,8.0,1.0,1.0,1.0,8.0,16.0,9.0,1.0,3.0,1.0,1.0,6.0,15.0,124.0,46.0,37.0,6.0,1.0,14.0,1.0,22.0,0.0,2.0,0.0,0.0,0.0,2.0,4.0,109.0,4.0,14.0,11.0,1.0,5.0,2.0,0.0,3.0,0.0,30.0,10.0,40.0,20.0,1.0,1.0,4.0,0.0,6.0,26.0,8.0,0.0,5.0,1.0,0.0,1.0,7.0,15.0,190.0,1.0,6.0,0.0,0.0,0.0,0.0,0.0,0.0,0.0,0.0,0.0,1.0,0.0,1.0,8.0,0.0,1.0,3.0,1.0,0.0,0.0,0.0,0.0,1.0,0.0,5.0,1.0,6.0,0.0,0.0,0.0,0.0,0.0,0.0,0.0,3.0,0.0,0.0,1.0,0.0,0.0,1.0,4.0,18.0,1.0,0.0,0.0,0.0,1.0,15.0,9.0,24.0
pro plancio,651,121.0,15.0,42.0,10.0,67.0,6.0,2.0,0.0,8.0,196.0,3.0,0.0,1.0,2.0,3.0,6.0,9.0,3.0,14.0,4.0,3.0,24.0,33.0,235.0,46.0,30.0,10.0,2.0,1.0,13.0,0.0,1.0,0.0,1.0,90.0,12.0,6.0,6.0,1.0,2.0,0.0,24.0,3.0,27.0,13.0,4.0,0.0,2.0,13.0,26.0,5.0,2.0,5.0,0.0,1.0,8.0,13.0,156.0,61.0,51.0,7.0,4.0,14.0,1.0,26.0,0.0,2.0,1.0,0.0,0.0,0.0,3.0,141.0,8.0,16.0,10.0,5.0,2.0,1.0,1.0,1.0,0.0,39.0,5.0,44.0,29.0,2.0,1.0,7.0,1.0,11.0,40.0,19.0,1.0,5.0,3.0,7.0,0.0,16.0,35.0,260.0,2.0,4.0,1.0,0.0,0.0,0.0,1.0,0.0,0.0,0.0,0.0,1.0,0.0,1.0,8.0,1.0,0.0,0.0,0.0,0.0,0.0,0.0,0.0,0.0,0.0,1.0,0.0,1.0,1.0,0.0,0.0,0.0,0.0,0.0,1.0,2.0,0.0,1.0,0.0,0.0,0.0,1.0,3.0,13.0,1.0,0.0,0.0,0.0,1.0,22.0,15.0,37.0
pro scauro,188,40.0,3.0,14.0,3.0,20.0,1.0,0.0,1.0,2.0,62.0,1.0,0.0,0.0,1.0,1.0,2.0,2.0,1.0,3.0,1.0,2.0,7.0,9.0,73.0,14.0,8.0,2.0,0.0,0.0,2.0,1.0,0.0,0.0,1.0,25.0,2.0,0.0,0.0,1.0,0.0,0.0,2.0,1.0,3.0,0.0,0.0,0.0,1.0,0.0,0.0,1.0,0.0,2.0,0.0,1.0,3.0,4.0,32.0,12.0,20.0,3.0,0.0,3.0,1.0,7.0,0.0,2.0,0.0,0.0,0.0,0.0,2.0,41.0,1.0,1.0,5.0,0.0,0.0,1.0,0.0,0.0,0.0,7.0,1.0,8.0,3.0,0.0,0.0,2.0,0.0,2.0,5.0,3.0,0.0,3.0,1.0,1.0,0.0,5.0,8.0,62.0,0.0,0.0,0.0,0.0,0.0,0.0,0.0,0.0,0.0,0.0,1.0,0.0,0.0,1.0,1.0,0.0,0.0,0.0,0.0,0.0,0.0,0.0,0.0,0.0,0.0,0.0,0.0,0.0,0.0,0.0,0.0,0.0,0.0,0.0,0.0,0.0,0.0,0.0,0.0,0.0,0.0,0.0,0.0,1.0,1.0,0.0,0.0,1.0,2.0,14.0,1.0,15.0
de lege agraria,810,167.0,12.0,35.0,17.0,64.0,2.0,3.0,0.0,5.0,236.0,5.0,1.0,0.0,2.0,3.0,8.0,21.0,0.0,11.0,3.0,1.0,15.0,36.0,280.0,58.0,60.0,7.0,3.0,2.0,12.0,0.0,0.0,0.0,0.0,130.0,12.0,8.0,6.0,2.0,1.0,0.0,26.0,3.0,29.0,9.0,4.0,1.0,0.0,9.0,18.0,9.0,3.0,3.0,2.0,1.0,9.0,18.0,195.0,45.0,67.0,7.0,1.0,12.0,1.0,21.0,0.0,1.0,1.0,0.0,0.0,0.0,2.0,135.0,12.0,17.0,14.0,4.0,1.0,0.0,0.0,0.0,0.0,47.0,1.0,48.0,14.0,0.0,0.0,4.0,0.0,4.0,18.0,12.0,4.0,7.0,1.0,3.0,2.0,17.0,29.0,230.0,8.0,20.0,2.0,0.0,1.0,0.0,3.0,0.0,0.0,0.0,0.0,0.0,0.0,0.0,31.0,3.0,2.0,0.0,0.0,1.0,1.0,0.0,0.0,0.0,0.0,5.0,2.0,7.0,3.0,0.0,0.0,0.0,0.0,0.0,3.0,2.0,2.0,2.0,0.0,0.0,0.0,4.0,6.0,47.0,1.0,0.0,0.0,1.0,2.0,41.0,16.0,57.0
tusculanae disputationes,3253,411.0,69.0,155.0,49.0,273.0,18.0,15.0,9.0,42.0,726.0,35.0,16.0,9.0,23.0,48.0,83.0,65.0,14.0,50.0,16.0,24.0,104.0,169.0,978.0,462.0,221.0,64.0,29.0,16.0,109.0,3.0,1.0,2.0,6.0,798.0,76.0,25.0,19.0,5.0,3.0,3.0,120.0,11.0,131.0,54.0,21.0,3.0,1.0,54.0,108.0,56.0,24.0,42.0,8.0,6.0,80.0,136.0,1173.0,141.0,177.0,19.0,9.0,42.0,6.0,76.0,2.0,8.0,1.0,3.0,0.0,1.0,15.0,409.0,32.0,45.0,57.0,12.0,13.0,15.0,3.0,7.0,0.0,146.0,38.0,184.0,63.0,11.0,3.0,14.0,2.0,30.0,93.0,43.0,6.0,6.0,11.0,17.0,3.0,43.0,86.0,772.0,40.0,48.0,12.0,0.0,1.0,1.0,14.0,1.0,0.0,1.0,1.0,0.0,1.0,4.0,106.0,9.0,13.0,12.0,0.0,5.0,5.0,0.0,1.0,2.0,0.0,34.0,13.0,47.0,9.0,2.0,0.0,0.0,1.0,3.0,12.0,20.0,3.0,7.0,4.0,4.0,1.0,19.0,39.0,204.0,5.0,3.0,2.0,0.0,10.0,164.0,96.0,260.0
rhetorica ad herennium,2528,300.0,57.0,74.0,55.0,186.0,20.0,16.0,4.0,40.0,526.0,55.0,18.0,20.0,18.0,56.0,111.0,107.0,29.0,38.0,25.0,24.0,116.0,223.0,860.0,69.0,97.0,14.0,15.0,15.0,44.0,3.0,1.0,1.0,5.0,215.0,31.0,18.0,19.0,3.0,4.0,3.0,68.0,10.0,78.0,24.0,4.0,3.0,9.0,24.0,48.0,40.0,10.0,9.0,10.0,10.0,39.0,79.0,420.0,121.0,183.0,34.0,14.0,23.0,10.0,81.0,3.0,4.0,1.0,7.0,1.0,0.0,16.0,401.0,50.0,36.0,24.0,9.0,3.0,7.0,4.0,4.0,5.0,119.0,23.0,142.0,39.0,15.0,6.0,6.0,2.0,29.0,68.0,82.0,25.0,19.0,10.0,5.0,6.0,65.0,147.0,758.0,11.0,33.0,3.0,2.0,1.0,1.0,7.0,0.0,0.0,0.0,1.0,1.0,0.0,2.0,53.0,8.0,4.0,5.0,2.0,1.0,2.0,0.0,2.0,0.0,0.0,19.0,5.0,24.0,8.0,3.0,2.0,1.0,0.0,6.0,14.0,9.0,0.0,0.0,2.0,4.0,2.0,8.0,17.0,108.0,19.0,3.0,2.0,1.0,25.0,198.0,91.0,289.0
pro sulla,515,106.0,6.0,28.0,11.0,45.0,5.0,2.0,1.0,8.0,159.0,8.0,1.0,1.0,0.0,2.0,10.0,8.0,1.0,4.0,1.0,4.0,10.0,18.0,187.0,42.0,38.0,2.0,1.0,3.0,6.0,0.0,0.0,0.0,0.0,86.0,11.0,3.0,2.0,1.0,0.0,0.0,16.0,1.0,17.0,5.0,0.0,0.0,1.0,5.0,10.0,7.0,2.0,2.0,0.0,1.0,5.0,12.0,125.0,36.0,37.0,3.0,1.0,12.0,1.0,17.0,0.0,0.0,0.0,0.0,0.0,0.0,0.0,90.0,7.0,11.0,8.0,2.0,4.0,1.0,0.0,3.0,1.0,28.0,9.0,37.0,13.0,0.0,0.0,3.0,0.0,3.0,16.0,7.0,1.0,3.0,1.0,4.0,0.0,9.0,16.0,159.0,3.0,3.0,1.0,0.0,0.0,0.0,1.0,0.0,0.0,0.0,0.0,0.0,0.0,0.0,7.0,0.0,0.0,0.0,1.0,1.0,0.0,0.0,0.0,0.0,0.0,1.0,1.0,2.0,0.0,0.0,0.0,0.0,0.0,0.0,0.0,4.0,0.0,1.0,0.0,0.0,0.0,1.0,5.0,14.0,3.0,0.0,0.0,0.0,3.0,33.0,7.0,40.0
hortensius,60,8.0,0.0,3.0,1.0,4.0,0.0,0.0,0.0,0.0,12.0,1.0,0.0,0.0,0.0,0.0,1.0,2.0,0.0,0.0,0.0,0.0,0.0,2.0,15.0,9.0,4.0,2.0,0.0,0.0,2.0,0.0,0.0,0.0,0.0,15.0,2.0,0.0,0.0,0.0,0.0,0.0,2.0,0.0,2.0,1.0,1.0,0.0,0.0,1.0,2.0,2.0,0.0,1.0,0.0,0.0,1.0,3.0,22.0,4.0,4.0,0.0,0.0,0.0,0.0,0.0,0.0,1.0,0.0,0.0,0.0,0.0,1.0,9.0,1.0,0.0,2.0,0.0,0.0,0.0,0.0,0.0,0.0,3.0,0.0,3.0,1.0,0.0,0.0,0.0,0.0,0.0,1.0,0.0,0.0,0.0,0.0,0.0,0.0,0.0,0.0,13.0,2.0,1.0,0.0,0.0,0.0,0.0,0.0,0.0,0.0,0.0,0.0,0.0,0.0,0.0,3.0,1.0,0.0,0.0,1.0,0.0,0.0,0.0,0.0,0.0,0.0,2.0,0.0,2.0,1.0,0.0,0.0,0.0,0.0,0.0,1.0,0.0,0.0,0.0,0.0,0.0,1.0,1.0,1.0,7.0,1.0,0.0,0.0,0.0,1.0,0.0,0.0,0.0
de oratore,3254,579.0,97.0,235.0,57.0,389.0,32.0,7.0,7.0,46.0,1014.0,27.0,12.0,12.0,9.0,33.0,60.0,61.0,10.0,84.0,22.0,13.0,129.0,190.0,1264.0,279.0,251.0,38.0,20.0,9.0,67.0,1.0,2.0,4.0,7.0,604.0,62.0,27.0,21.0,9.0,6.0,4.0,110.0,19.0,129.0,51.0,5.0,4.0,8.0,51.0,102.0,40.0,19.0,31.0,2.0,5.0,57.0,97.0,932.0,167.0,200.0,24.0,9.0,80.0,5.0,118.0,1.0,10.0,2.0,2.0,2.0,1.0,18.0,503.0,43.0,64.0,88.0,12.0,9.0,15.0,6.0,23.0,6.0,207.0,59.0,266.0,83.0,9.0,2.0,14.0,4.0,29.0,112.0,41.0,13.0,15.0,8.0,27.0,3.0,66.0,107.0,988.0,24.0,56.0,8.0,1.0,0.0,3.0,12.0,0.0,0.0,0.0,1.0,0.0,0.0,1.0,93.0,13.0,14.0,10.0,2.0,2.0,1.0,0.0,0.0,1.0,3.0,39.0,7.0,46.0,13.0,2.0,1.0,2.0,0.0,5.0,18.0,16.0,5.0,6.0,4.0,2.0,0.0,17.0,33.0,190.0,4.0,4.0,2.0,1.0,11.0,163.0,69.0,232.0
academica,227,31.0,5.0,11.0,5.0,21.0,1.0,1.0,1.0,3.0,55.0,2.0,2.0,2.0,1.0,5.0,7.0,6.0,3.0,3.0,0.0,1.0,7.0,13.0,75.0,32.0,8.0,3.0,2.0,0.0,5.0,0.0,0.0,0.0,0.0,45.0,5.0,1.0,1.0,0.0,0.0,0.0,7.0,0.0,7.0,3.0,0.0,1.0,2.0,3.0,6.0,2.0,1.0,2.0,1.0,1.0,5.0,7.0,65.0,14.0,8.0,2.0,0.0,3.0,1.0,6.0,0.0,0.0,0.0,0.0,0.0,0.0,0.0,28.0,4.0,0.0,4.0,1.0,0.0,1.0,0.0,1.0,1.0,9.0,3.0,12.0,5.0,0.0,0.0,1.0,0.0,1.0,6.0,3.0,1.0,2.0,2.0,2.0,0.0,7.0,10.0,56.0,2.0,3.0,0.0,0.0,1.0,0.0,1.0,0.0,0.0,0.0,0.0,0.0,0.0,0.0,6.0,1.0,0.0,0.0,0.0,0.0,0.0,0.0,0.0,0.0,0.0,1.0,0.0,1.0,1.0,0.0,0.0,1.0,0.0,1.0,2.0,3.0,1.0,0.0,0.0,0.0,0.0,1.0,4.0,13.0,0.0,0.0,0.0,0.0,0.0,14.0,7.0,21.0
de divinatione,1915,278.0,36.0,106.0,17.0,159.0,10.0,8.0,4.0,22.0,459.0,21.0,3.0,3.0,9.0,15.0,36.0,34.0,6.0,33.0,10.0,16.0,65.0,99.0,594.0,248.0,130.0,38.0,18.0,7.0,63.0,1.0,2.0,0.0,3.0,444.0,39.0,14.0,13.0,0.0,0.0,2.0,66.0,2.0,68.0,36.0,12.0,2.0,5.0,36.0,72.0,23.0,11.0,25.0,6.0,2.0,44.0,67.0,651.0,79.0,117.0,7.0,7.0,25.0,2.0,41.0,1.0,6.0,0.0,0.0,2.0,1.0,10.0,247.0,19.0,26.0,36.0,9.0,3.0,5.0,2.0,4.0,3.0,90.0,17.0,107.0,34.0,1.0,2.0,17.0,0.0,20.0,54.0,25.0,6.0,5.0,4.0,14.0,2.0,31.0,56.0,464.0,21.0,32.0,3.0,0.0,1.0,0.0,4.0,1.0,0.0,0.0,0.0,1.0,0.0,2.0,59.0,4.0,5.0,10.0,2.0,1.0,0.0,0.0,0.0,1.0,0.0,21.0,2.0,23.0,4.0,1.0,0.0,2.0,0.0,3.0,7.0,6.0,1.0,2.0,2.0,3.0,0.0,8.0,14.0,103.0,1.0,3.0,0.0,0.0,4.0,96.0,93.0,189.0
de provinciis consularibus,258,48.0,3.0,31.0,4.0,38.0,1.0,1.0,0.0,2.0,88.0,1.0,0.0,2.0,0.0,2.0,3.0,3.0,0.0,3.0,1.0,0.0,4.0,7.0,98.0,21.0,19.0,3.0,2.0,0.0,5.0,0.0,0.0,0.0,0.0,45.0,4.0,1.0,2.0,0.0,0.0,0.0,7.0,0.0,7.0,3.0,0.0,0.0,3.0,3.0,6.0,3.0,2.0,3.0,0.0,2.0,7.0,10.0,68.0,29.0,13.0,3.0,0.0,9.0,2.0,14.0,0.0,2.0,0.0,0.0,0.0,0.0,2.0,58.0,5.0,4.0,12.0,2.0,2.0,3.0,0.0,1.0,2.0,23.0,8.0,31.0,8.0,0.0,0.0,2.0,0.0,2.0,10.0,2.0,1.0,3.0,0.0,3.0,0.0,7.0,9.0,108.0,2.0,0.0,0.0,0.0,0.0,0.0,0.0,0.0,0.0,0.0,0.0,0.0,0.0,0.0,2.0,0.0,0.0,0.0,0.0,0.0,0.0,0.0,0.0,0.0,0.0,0.0,0.0,0.0,0.0,0.0,0.0,0.0,0.0,0.0,0.0,1.0,0.0,0.0,0.0,1.0,0.0,1.0,2.0,4.0,1.0,0.0,0.0,0.0,1.0,14.0,4.0,18.0
timaeus,193,28.0,4.0,12.0,1.0,17.0,2.0,1.0,0.0,3.0,48.0,2.0,1.0,2.0,0.0,3.0,5.0,2.0,0.0,3.0,2.0,0.0,5.0,7.0,60.0,37.0,11.0,3.0,2.0,0.0,5.0,0.0,0.0,1.0,1.0,54.0,4.0,4.0,2.0,0.0,0.0,0.0,10.0,0.0,10.0,3.0,0.0,0.0,0.0,3.0,6.0,2.0,1.0,3.0,0.0,0.0,4.0,6.0,76.0,13.0,9.0,2.0,1.0,6.0,0.0,9.0,0.0,0.0,0.0,1.0,0.0,0.0,1.0,32.0,4.0,3.0,6.0,0.0,1.0,0.0,2.0,1.0,0.0,13.0,4.0,17.0,3.0,0.0,0.0,0.0,0.0,0.0,3.0,0.0,1.0,2.0,2.0,0.0,0.0,5.0,5.0,57.0,3.0,0.0,2.0,0.0,0.0,0.0,2.0,0.0,0.0,0.0,0.0,0.0,1.0,1.0,6.0,0.0,0.0,0.0,0.0,0.0,0.0,0.0,0.0,0.0,0.0,0.0,0.0,0.0,0.0,0.0,0.0,0.0,0.0,0.0,0.0,1.0,0.0,2.0,1.0,1.0,0.0,4.0,5.0,11.0,1.0,0.0,0.0,0.0,1.0,7.0,5.0,12.0
